Workbook

Sheet نهایی
A1: OperatorID | B1: شماره پرسنلی | C1: نام و نام خانوادگی | D1: کلید مینیاتوری_مونتاژ_مونتاژ فیوز-مونتاژکامل DE-تک پل | E1: کلید مینیاتوری_چاپ_چاپ فیوز-DE-تک پل | F1: کلید مینیاتوری_بسته بندی_بسته بندی فیوز-DE-تک پل | G1: کلید مینیاتوری_بسته بندی_بسته بندی فیوز-DE-سه پل | H1: 00-كنتور MTF200F با چسب زدن_مونتاژ_ACTIVATION0 | I1: كنتور MTF200F با پورت RS با چسب زدن_مونتاژ_مونتاژ کنتور تکفاز-ساخت کارتن | J1: کنتور MTF301 با چسب زدن_مونتاژ_مونتاژ کنتور سه فاز-جوش آلتروسونیک (درپوش شفاف به درپوش اصلی) | K1: کنتور MTF301 با چسب زدن_مونتاژ_مونتاژ کنتور سه فاز-بسته بندی کنتور | L1: مونتاژ برد الکترونیکی_قطعه چینی برد الکترونیکی سه فاز دیجیتالی | M1: مونتاژ برد الکترونیکی_(تکمیل-کنترل-فریمور و برقدار کردن برد الکترونیکی کنتور سه فاز دیجیتالی | N1: پایه کنتور 117_سیم بندی ترمینال ریلی | O1: چاپ لیزر (نیم پلیت و درپوش)_چاپ درپوش باطری سه فاز با یک دستگاه | P1: چاپ لیزر (نیم پلیت و درپوش)_چاپ مشخصات ، بارکد و نام شهر با یک دستگاه | Q1: ساعتی_ساعتی-کلید مینیاتوری | R1: ساعتی_شارژر خط | S1: ساعتی_ساعتی-کنتور | T1: ساعتی_ساعتی-پایه کنتور | U1: سوپیچ قطع کن_مونتاژ قطع کن-صحه گذاری زوایای پلاتین ها | V1: سوپیچ قطع کن_مونتاژ قطع کن-مونتاژ پلاتین ها بر روی پوسته اصلی و تثبیت پلاتین ها | W1: سوپیچ قطع کن_مونتاژ قطع کن-پرس گرم | X1: سوپیچ قطع کن_مونتاژ قطع کن-هم راستایی تیغه ها (باپیچ گوشتی ) | Y1: سوپیچ قطع کن_مونتاژ قطع کن-تست استحکام پلاتین ها | Z1: سوپیچ قطع کن_مونتاژ قطع کن-مونتاژ ماگنت داخل محفظه | AA1: سوپیچ قطع کن_مونتاژ قطع کن-کالیبراسیون مونتاژ ماگنت | AB1: سوپیچ قطع کن_مونتاژ قطع کن-مونتاژ کامل بعد از اماده سازی به جز درپوش قرمز | AC1: سوپیچ قطع کن_مونتاژ قطع کن-تست شتاب | AD1: سوپیچ قطع کن_مونتاژ قطع کن-پلمپ حرارتی پایه های پوسته اصلی | AE1: سوپیچ قطع کن_مونتاژ قطع کن-تست همراستایی ،مونتاژ درپوش قرمز و بازرسی نهایی | AF1: سوپیچ قطع کن_مونتاژ قطع کن-چاپ آرم ساپکو و تاریخ تولید | AG1: سوپیچ قطع کن_مونتاژ قطع کن-بسته بندی کامل | AH1: کنتور الکترونیکی تکفاز هوشمند_مونتاژ هوشمند تکفاز-بسته بندی (شامل درپوش گذاری ترمینال و پلمپ) | AI1: کنتور الکترونیکی سه فاز هوشمند CT و CT/PT_مونتاژ هوشمندCT-بستن درپوش نیمه باز و مونتاژ باطری | AJ1: کنتور الکترونیکی سه فاز هوشمند CT و CT/PT_مونتاژ هوشمندCT-آپدیت ماژول GPRS | AK1: ساعتی_ساعتی-چاپ و بسته بندی | AL1: ساعتی_ساعتی-قطع کن سوخت | AM1: ساعتی_ساعتی-انبار | AN1: پایه کنتور 117_درپوش گذاری ترمینال | AO1: کنتور الکترونیکی سه فاز هوشمند CT و CT/PT_مونتاژ هوشمندCT-مونتاژ ترمینال بلاک منبع تغذیه و بستن پیچ ترمینال | AP1: کنتور الکترونیکی سه فاز هوشمند CT و CT/PT_مونتاژ هوشمندCT-مونتاژ برد اصلی ولحیم کاری | AQ1: کنتور الکترونیکی سه فاز هوشمند CT و CT/PT_مونتاژ هوشمندCT-لحیم پایه برد منبع تغذیه | AR1: کنتور الکترونیکی سه فاز هوشمند CT و CT/PT_مونتاژ هوشمندCT-آماده سازی محفظه(شامل برچسب و اورینگ گذاری) | AS1: کنتور الکترونیکی سه فاز هوشمند CT و CT/PT_مونتاژ هوشمندCT-جاگذاری برد اصلی و بستن پیچ | AT1: کنتور الکترونیکی سه فاز هوشمند CT و CT/PT_مونتاژ هوشمندCT-نصب Frimware | AU1: کنتور الکترونیکی سه فاز هوشمند CT و CT/PT_مونتاژ هوشمندCT-جاگذاری سیم کارت ایرانسل | AV1: پایه کنتور 118_پایه 118 با کنتور | AW1: کلید مینیاتوری_R.T.F_ چاپ RTF | AX1: کنتور الکترونیکی تکفاز هوشمند_مونتاژ کنتور هوشمند تکفاز | AY1: کنتور الکترونیکی تکفاز هوشمند_چسب ریزی و بستن درپوش | AZ1: پایه کنتور 119_پایه 119 بدون کنتور با ترمینال بلک سه پیچ و مانع سیم | BA1: ساعتی_ساعتی-تست کنتور | BB1: کنتور الکترونیکی سه فاز هوشمند DC_مونتاژ هوشمندDC-اسکن درپوش و سیم کارت | BC1: کنتور MTF301 با چسب زدن_مونتاژ_مونتاژ کنتور سه فاز-مونتاژ کامل کنتور سه فاز MTF301 | BD1: سوپیچ قطع کن_مونتاژ قطع کن-جداسازی درپوش قرمز | BE1: ساعتی_ساعتی-متفرقه_ساعتی- مونتاژ برد | BF1: ساعتی_ساعتی-تعمیر برد | BG1: ساعتی_ساعتی-خدمات پس از فروش | BH1: ساعتی_ساعتی-تست کلید مینیاتوری | BI1: کلید مینیاتوری_R.T.F_ مونتاژ RTF(4P) | BJ1: کلید مینیاتوری_R.T.F_ تست RTF(2P) | BK1: کلید مینیاتوری_R.T.F_ تست RTF(4P) | BL1: کنتور الکترونیکی سه فاز هوشمند DC_آماده سازی درپوش کنتور هوشمند DC | BM1: کنتور الکترونیکی سه فاز هوشمند DC_مونتاژ ماژول کنتور هوشمند | BN1: کلید مینیاتوری_پرچ_.....پرچ کلید مینیاتوری-تک پل | BO1: پیش مونتاژ پایه کنتور (مشترک)_.....مونتاژ کنتور هوشمند DC | BP1: پیش مونتاژ پایه کنتور (مشترک)_.....بسته بندی کنتور هوشمند سه فاز DC | BQ1: پیش مونتاژ پایه کنتور (مشترک)_..... سرسیم گذاری دو طرفه | BR1: پیش مونتاژ پایه کنتور (مشترک)_.....پرس سر سیم | BS1: پیش مونتاژ پایه کنتور (مشترک)_..... شیرینگ | BT1: پیش مونتاژ پایه کنتور (مشترک)_.....چاپ لیزر همراه با چاپ ساتپ | BU1: پیش مونتاژ پایه کنتور (مشترک)_..... چسب ریزی و بستن درپوش کنتور هوشمند سه فاز | BV1: کلید مینیاتوری_چاپ_چاپ کلید DE تک پل وارداتی | BW1: کلید مینیاتوری_چاپ_چاپ کلید DE دو پل وارداتی | BX1: کلید مینیاتوری_چاپ_چاپ کلید DE سه پل وارداتی | BY1: کلید مینیاتوری_چاپ_چاپ کلید DE چهار پل وارداتی | BZ1: کلید مینیاتوری_بسته بندی_بسته بندی کلید DE تک پل وارداتی | CA1: کلید مینیاتوری_بسته بندی_بسته بندی کلید DE دو پل وارداتی | CB1: کلید مینیاتوری_بسته بندی_بسته بندی کلید DE سه پل وارداتی | CC1: کلید مینیاتوری_بسته بندی_بسته بندی کلید DE چهار پل وارداتی | CD1: کلید مینیاتوری_بسته بندی_بسته بندی کلید RTF دو پل وارداتی | CE1: کلید مینیاتوری_بسته بندی_بسته بندی کلید RTF چهار پل وارداتی | CF1: کلید مینیاتوری_پاک کردن_پاک کردن کلید EP تک پل وارداتی | CG1: کلید مینیاتوری_پاک کردن_پاک کردن کلید EP سه پل وارداتی | CH1: کلید مینیاتوری_پاک کردن_پاک کردن کلید EP چهار پل وارداتی | CI1: کلید مینیاتوری_پاک کردن_پاک کردن کلید DE تک پل وارداتی | CJ1: کلید مینیاتوری_پاک کردن_پاک کردن کلید RTF چهار پل وارداتی | CK1: کلید مینیاتوری_باز کردن بدون پاک کردن_باز کردن بدون پاک کردن کلید DE چهار پل وارداتی | CL1: کنتور الکترونیکی سه فاز هوشمند DC_تست و برنامه ریزی کنتور | CM1: کنتور الکترونیکی تکفاز هوشمند_تست و برنامه ریزی تکفاز هوشمند 2G | CN1: پایه 121 با کنتور هوشمند تکفاز | CO1: کنتور ریلی SM120 B3_مونتاژ کنتور ریلی | CP1: کنتور ریلی SM120 B3_تست کنتور ریلی | CQ1: کنتور ریلی SM120 B3_بسته بندی کنتور ریلی | CR1: کنتور الکترونیکی سه فاز هوشمند DC_لحیم کاری و اتصال محافظ ترمینال | CS1: کنتور الکترونیکی سه فاز هوشمند DC_جوش پورت نوری | CT1: کنتور الکترونیکی سه فاز هوشمند DC_جوش محافظ ال سی دی | CU1: (غیر تعطیل)تعداد روز کار کرد | CV1: (تعطیل)تعداد روز کار کرد | CW1: میزان کارکرد | CX1: مجموع کارکرد | CY1: راندمان | CZ1: تعداد ضایعات کنتور | DA1: کسری ضایعات کنتور | DC1: بررسی
CX2: =SUM(CX4:CX84) -> 10591.709 | CY2: =SUM(CY4:CY61) -> 94.349634 | DB2: =SUM(DB4:DB84) -> 7827.9956
C3: آمار استاندارد | D3: 43 | E3: 473.7 | F3: 175 | G3: 54.16 | H3: 124.35 | I3: 40 | J3: 100 | K3: 25 | L3: 27.2 | M3: 13.6 | N3: 385 | O3: 300 | P3: 130 | Q3: 60 | R3: 60 | S3: 60 | T3: 60 | U3: 964.92 | V3: 154.8 | W3: 408.2 | X3: 385.2 | Y3: 737.3 | Z3: 434 | AA3: 119 | AB3: 74.4 | AC3: 303.1 | AD3: 456.9 | AE3: 230 | AF3: 1519 | AG3: 1846.2 | AH3: 17 | AI3: 65 | AJ3: 85 | AK3: 60 | AL3: 60 | AM3: 60 | AN3: 240 | AO3: 11 | AP3: 42 | AQ3: 33 | AR3: 93 | AS3: 65 | AT3: 92 | AU3: 97 | AV3: 13 | AW3: 179.3 | AX3: 13.5 | AY3: 47.23 | AZ3: 57 | BA3: 60 | BB3: 242 | BC3: 8.5 | BD3: 1008.4 | BE3: 60 | BF3: 60 | BG3: 60 | BH3: 60 | BI3: 5 | BJ3: 104 | BK3: 64 | BL3: 61 | BM3: 30.3 | BN3: 200 | BO3: 7.8 | BP3: 28.5 | BQ3: 291 | BR3: 1400 | BS3: 60 | BT3: 61.5 | BU3: 43.5 | BV3: 1090 | BW3: 438 | BX3: 380 | BY3: 272 | BZ3: 238 | CA3: 124 | CB3: 100 | CC3: 80 | CD3: 89 | CE3: 65 | CF3: 225 | CG3: 208 | CH3: 143 | CI3: 300 | CJ3: 60 | CK3: 454 | CL3: 0.77 | CM3: 0.97 | CN3: 12 | CO3: 18.5 | CP3: 1.45 | CQ3: 57 | CR3: 35 | CS3: 112 | CT3: 109
B4: 14226 | C4: فاطمه نیکوی دولت آبادی | M4: 253 | U4: 2800 | AA4: 360 | AB4: 8600 | AD4: 6740 | AE4: 1680 | CU4: 17 | CV4: 0 | CW4: 9640 | CX4: {=SUMPRODUCT(D4:CT4/$D$3:$CT$3)} -> 162.17728 | CY4: =CX4/CW4*100 -> 1.6823369 | CZ4: 0 | DA4: =CZ4*DA2/60 -> 0 | DB4: =CX4-DA4 -> 162.17728 | DC4: =MATCH(C4,'کارکرد اداری'!$C$3:$C$64,0) -> #N/A
B5: 14283 | C5: حسین دهقانی | S5: 7270 | BT5: 795 | CU5: 17 | CV5: 0 | CW5: 8035 | CX5: {=SUMPRODUCT(D5:CT5/$D$3:$CT$3)} -> 134.0935 | CY5: =CX5/CW5*100 -> 1.6688674 | DB5: =CX5-DA5 -> 134.0935 | DC5: =MATCH(C5,'کارکرد اداری'!$C$3:$C$64,0) -> #N/A
B6: 14329 | C6: مجید عرفانی | S6: 1400 | AP6: 21 | AR6: 301 | AS6: 195 | BO6: 172 | BT6: 4780 | BU6: 257 | CU6: 17 | CV6: 0 | CW6: 8200 | CX6: {=SUMPRODUCT(D6:CT6/$D$3:$CT$3)} -> 135.7528 | CY6: =CX6/CW6*100 -> 1.6555219 | DB6: =CX6-DA6 -> 135.7528 | DC6: =MATCH(C6,'کارکرد اداری'!$C$3:$C$64,0) -> #N/A
B7: 14328 | C7: محمدرضا احمدی | S7: 3610 | AO7: 33 | AX7: 13 | BC7: 25 | BO7: 101 | BU7: 791 | CO7: 567 | CU7: 16 | CV7: 0 | CW7: 7650 | CX7: {=SUMPRODUCT(D7:CT7/$D$3:$CT$3)} -> 128.85208 | CY7: =CX7/CW7*100 -> 1.6843409 | DB7: =CX7-DA7 -> 128.85208 | DC7: =MATCH(C7,'کارکرد اداری'!$C$3:$C$64,0) -> #N/A
B8: 14327 | C8: محمد تباهه | S8: 1210 | T8: 440 | AO8: 197 | AY8: 100 | BC8: 56 | BO8: 134 | BU8: 319 | CO8: 969 | CU8: 17 | CV8: 0 | CW8: 8020 | CX8: {=SUMPRODUCT(D8:CT8/$D$3:$CT$3)} -> 131.00582 | CY8: =CX8/CW8*100 -> 1.6334891 | DB8: =CX8-DA8 -> 131.00582 | DC8: =MATCH(C8,'کارکرد اداری'!$C$3:$C$64,0) -> #N/A
B9: 14323 | C9: علی مرادی | BA9: 30 | CL9: 105.65 | CM9: 3 | CU9: 16 | CV9: 0 | CW9: 8120 | CX9: {=SUMPRODUCT(D9:CT9/$D$3:$CT$3)} -> 140.80058 | CY9: =CX9/CW9*100 -> 1.7339972 | DB9: =CX9-DA9 -> 140.80058 | DC9: =MATCH(C9,'کارکرد اداری'!$C$3:$C$64,0) -> #N/A
B10: 14275 | C10: مهدی صبوری | D10: 274 | BF10: 620 | BH10: 8220 | CG10: 2760 | CK10: 1888 | CU10: 18 | CV10: 0 | CW10: 10300 | CX10: {=SUMPRODUCT(D10:CT10/$D$3:$CT$3)} -> 171.13325 | CY10: =CX10/CW10*100 -> 1.6614878 | DB10: =CX10-DA10 -> 171.13325 | DC10: =MATCH(C10,'کارکرد اداری'!$C$3:$C$64,0) -> #N/A
B11: 14304 | C11: مصطفی فتحی پور | Q11: 440 | BF11: 1680 | BH11: 240 | BN11: 14500 | CG11: 5417 | CK11: 5993 | CU11: 16 | CV11: 0 | CW11: 8930 | CX11: {=SUMPRODUCT(D11:CT11/$D$3:$CT$3)} -> 151.07704 | CY11: =CX11/CW11*100 -> 1.6917922 | DB11: =CX11-DA11 -> 151.07704 | DC11: =MATCH(C11,'کارکرد اداری'!$C$3:$C$64,0) -> #N/A
B12: 14331 | C12: فاطمه عالمی | D12: 4329 | M12: 424 | S12: 550 | AK12: 30 | BO12: 157 | CG12: 1940 | CU12: 17 | CV12: 0 | CW12: 10000 | CX12: {=SUMPRODUCT(D12:CT12/$D$3:$CT$3)} -> 170.97268 | CY12: =CX12/CW12*100 -> 1.7097268 | DB12: =CX12-DA12 -> 170.97268 | DC12: =MATCH(C12,'کارکرد اداری'!$C$3:$C$64,0) -> #N/A
B13: 14242 | C13: سیدسجاد مرتضوی | O13: 1200 | S13: 2820 | CU13: 7 | CV13: 0 | CW13: 3080 | CX13: {=SUMPRODUCT(D13:CT13/$D$3:$CT$3)} -> 51 | CY13: =CX13/CW13*100 -> 1.6558442 | DB13: =CX13-DA13 -> 51 | DC13: =MATCH(C13,'کارکرد اداری'!$C$3:$C$64,0) -> #N/A
B14: 14231 | C14: میترا اسکندریان | F14: 566 | G14: 171 | AK14: 1750 | BV14: 1800 | BX14: 4806 | BY14: 1555 | BZ14: 1290 | CA14: 900 | CB14: 3518 | CC14: 1965 | CU14: 15 | CV14: 0 | CW14: 7500 | CX14: {=SUMPRODUCT(D14:CT14/$D$3:$CT$3)} -> 127.99465 | CY14: =CX14/CW14*100 -> 1.7065954 | DB14: =CX14-DA14 -> 127.99465 | DC14: =MATCH(C14,'کارکرد اداری'!$C$3:$C$64,0) -> #N/A
B15: 14340 | C15: رضا جعفرپور قله زو | F15: 1461 | AJ15: 60 | AK15: 485 | AW15: 179 | BZ15: 1648 | CA15: 248 | CB15: 7519 | CC15: 3164 | CD15: 693 | CU15: 16 | CV15: 0 | CW15: 8840 | CX15: {=SUMPRODUCT(D15:CT15/$D$3:$CT$3)} -> 149.587 | CY15: =CX15/CW15*100 -> 1.6921606 | DB15: =CX15-DA15 -> 149.587 | DC15: =MATCH(C15,'کارکرد اداری'!$C$3:$C$64,0) -> #N/A
A16: 14345 | B16: 14345 | C16: حسین نعمتی | V16: 1280 | Z16: 1330 | AA16: 890 | AB16: 6299 | AC16: 12554 | AG16: 10080 | AL16: 470 | CU16: 17 | CV16: 0 | CW16: 9460 | CX16: {=SUMPRODUCT(D16:CT16/$D$3:$CT$3)} -> 158.18809 | CY16: =CX16/CW16*100 -> 1.6721785 | DB16: =CX16-DA16 -> 158.18809 | DC16: =MATCH(C16,'کارکرد اداری'!$C$3:$C$64,0) -> #N/A
A17: 14394 | B17: 14162 | C17: طیبه میامی میم | BZ17: 1800 | CB17: 4158 | CC17: 2847 | CD17: 552 | CE17: 269 | CH17: 1258 | CK17: 1000 | CU17: 12 | CV17: 0 | CW17: 6360 | CX17: {=SUMPRODUCT(D17:CT17/$D$3:$CT$3)} -> 106.07108 | CY17: =CX17/CW17*100 -> 1.6677843 | DB17: =CX17-DA17 -> 106.07108 | DC17: =MATCH(C17,'کارکرد اداری'!$C$3:$C$64,0) -> #N/A
B18: 14394 | C18: مصطفی مکرم نیا | S18: 980 | AO18: 51 | BC18: 132.5 | BO18: 490 | BU18: 893 | CO18: 211 | CU18: 17 | CV18: 0 | CW18: 8020 | CX18: {=SUMPRODUCT(D18:CT18/$D$3:$CT$3)} -> 131.31259 | CY18: =CX18/CW18*100 -> 1.637314 | DB18: =CX18-DA18 -> 131.31259 | DC18: =MATCH(C18,'کارکرد اداری'!$C$3:$C$64,0) -> #N/A
B19: 14395 | C19: مسلم سبزه کار | S19: 120 | T19: 2780 | AV19: 80 | AZ19: 300 | BM19: 560 | BP19: 33 | BS19: 710 | CQ19: 2751 | CU19: 17 | CV19: 0 | CW19: 8380 | CX19: {=SUMPRODUCT(D19:CT19/$D$3:$CT$3)} -> 139.48657 | CY19: =CX19/CW19*100 -> 1.6645176 | DB19: =CX19-DA19 -> 139.48657 | DC19: =MATCH(C19,'کارکرد اداری'!$C$3:$C$64,0) -> #N/A
B20: 14417 | C20: مریم عبدیان پور | S20: 350 | AO20: 42 | AQ20: 87 | AR20: 100 | AS20: 100 | BC20: 183.5 | BO20: 759 | CU20: 17 | CV20: 0 | CW20: 8200 | CX20: {=SUMPRODUCT(D20:CT20/$D$3:$CT$3)} -> 133.79754 | CY20: =CX20/CW20*100 -> 1.6316773 | DB20: =CX20-DA20 -> 133.79754 | DC20: =MATCH(C20,'کارکرد اداری'!$C$3:$C$64,0) -> #N/A
B21: 14396 | C21: محمد شیرازی | R21: 7660 | CU21: 14 | CV21: 0 | CW21: 7660 | CX21: {=SUMPRODUCT(D21:CT21/$D$3:$CT$3)} -> 127.66667 | CY21: =CX21/CW21*100 -> 1.6666667 | DB21: =CX21-DA21 -> 127.66667 | DC21: =MATCH(C21,'کارکرد اداری'!$C$3:$C$64,0) -> #N/A
B22: 14409 | C22: محمد روانستان | S22: 150 | T22: 60 | AH22: 36 | AV22: 91 | BC22: 93.5 | BM22: 525 | BO22: 46 | CQ22: 4420 | CU22: 16 | CV22: 0 | CW22: 7580 | CX22: {=SUMPRODUCT(D22:CT22/$D$3:$CT$3)} -> 124.38568 | CY22: =CX22/CW22*100 -> 1.640972 | DB22: =CX22-DA22 -> 124.38568 | DC22: =MATCH(C22,'کارکرد اداری'!$C$3:$C$64,0) -> #N/A
B23: 14478 | C23: مجتبی نویدی | K23: 281 | S23: 630 | T23: 260 | AV23: 52 | BM23: 60 | BP23: 817 | BS23: 120 | BU23: 254 | CA23: 1154 | CB23: 3734 | CC23: 588 | CU23: 17 | CV23: 0 | CW23: 7850 | CX23: {=SUMPRODUCT(D23:CT23/$D$3:$CT$3)} -> 122.55573 | CY23: =CX23/CW23*100 -> 1.5612195 | DB23: =CX23-DA23 -> 122.55573 | DC23: =MATCH(C23,'کارکرد اداری'!$C$3:$C$64,0) -> #N/A
B24: 14466 | C24: علی بسیج | J24: 1180 | S24: 1400 | BT24: 2132 | CS24: 6050 | CT24: 680 | CU24: 17 | CV24: 0 | CW24: 7880 | CX24: {=SUMPRODUCT(D24:CT24/$D$3:$CT$3)} -> 130.05639 | CY24: =CX24/CW24*100 -> 1.6504618 | DB24: =CX24-DA24 -> 130.05639 | DC24: =MATCH(C24,'کارکرد اداری'!$C$3:$C$64,0) -> #N/A
B25: 14531 | C25: الهه جابری | M25: 300 | BH25: 9180 | CU25: 18 | CV25: 0 | CW25: 10440 | CX25: {=SUMPRODUCT(D25:CT25/$D$3:$CT$3)} -> 175.05882 | CY25: =CX25/CW25*100 -> 1.6768087 | DB25: =CX25-DA25 -> 175.05882 | DC25: =MATCH(C25,'کارکرد اداری'!$C$3:$C$64,0) -> #N/A
B26: 14538 | C26: امیررضا عطاردی | K26: 387 | S26: 90 | T26: 210 | U26: 21000 | V26: 9955 | W26: 50 | X26: 50 | Y26: 50 | Z26: 1000 | AA26: 110 | AE26: 3360 | AL26: 60 | AV26: 255 | BP26: 320 | CU26: 17 | CV26: 0 | CW26: 9820 | CX26: {=SUMPRODUCT(D26:CT26/$D$3:$CT$3)} -> 156.55302 | CY26: =CX26/CW26*100 -> 1.5942263 | DB26: =CX26-DA26 -> 156.55302 | DC26: =MATCH(C26,'کارکرد اداری'!$C$3:$C$64,0) -> #N/A
B27: 14537 | C27: ناهید جعفریانی | M27: 394 | S27: 290 | AQ27: 464 | BC27: 49 | BF27: 440 | BO27: 535 | CO27: 108 | CU27: 17 | CV27: 0 | CW27: 8200 | CX27: {=SUMPRODUCT(D27:CT27/$D$3:$CT$3)} -> 135.39015 | CY27: =CX27/CW27*100 -> 1.6510994 | DB27: =CX27-DA27 -> 135.39015 | DC27: =MATCH(C27,'کارکرد اداری'!$C$3:$C$64,0) -> #N/A
B28: 14541 | C28: فرهاد صبوری مقدم | AF28: 3380 | AK28: 60 | AW28: 1170 | BV28: 4535 | BX28: 36867 | BY28: 14682 | CU28: 16 | CV28: 0 | CW28: 9380 | CX28: {=SUMPRODUCT(D28:CT28/$D$3:$CT$3)} -> 164.90744 | CY28: =CX28/CW28*100 -> 1.758075 | DB28: =CX28-DA28 -> 164.90744 | DC28: =MATCH(C28,'کارکرد اداری'!$C$3:$C$64,0) -> #N/A
B29: 14554 | C29: الناز فرخی | D29: 3908 | M29: 283 | Q29: 30 | CB29: 2980 | CC29: 850 | CU29: 16 | CV29: 0 | CW29: 8820 | CX29: {=SUMPRODUCT(D29:CT29/$D$3:$CT$3)} -> 152.61754 | CY29: =CX29/CW29*100 -> 1.7303576 | DB29: =CX29-DA29 -> 152.61754 | DC29: =MATCH(C29,'کارکرد اداری'!$C$3:$C$64,0) -> #N/A
B30: 14570 | C30: اکرم ریحانی | D30: 4300 | M30: 424 | Q30: 30 | CB30: 4183 | CU30: 17 | CV30: 0 | CW30: 10000 | CX30: {=SUMPRODUCT(D30:CT30/$D$3:$CT$3)} -> 173.50647 | CY30: =CX30/CW30*100 -> 1.7350647 | DB30: =CX30-DA30 -> 173.50647 | DC30: =MATCH(C30,'کارکرد اداری'!$C$3:$C$64,0) -> #N/A
B31: 14580 | C31: عادل آخریان | S31: 1660 | AI31: 150 | AU31: 563 | BB31: 250 | BC31: 196.5 | BO31: 541.5 | CU31: 17 | CV31: 0 | CW31: 7870 | CX31: {=SUMPRODUCT(D31:CT31/$D$3:$CT$3)} -> 129.35226 | CY31: =CX31/CW31*100 -> 1.643612 | DB31: =CX31-DA31 -> 129.35226 | DC31: =MATCH(C31,'کارکرد اداری'!$C$3:$C$64,0) -> #N/A
B32: 14592 | C32: ندا ذکاوتی | BJ32: 5890 | BK32: 5072 | CG32: 540 | CH32: 40 | CU32: 15 | CV32: 0 | CW32: 8460 | CX32: {=SUMPRODUCT(D32:CT32/$D$3:$CT$3)} -> 138.76049 | CY32: =CX32/CW32*100 -> 1.6401949 | DB32: =CX32-DA32 -> 138.76049 | DC32: =MATCH(C32,'کارکرد اداری'!$C$3:$C$64,0) -> #N/A
B33: 14603 | C33: حجت دشتی | M33: 253 | S33: 1600 | BC33: 40 | BO33: 68 | CG33: 900 | CH33: 1258 | CK33: 3851 | CO33: 492 | CR33: 192 | CU33: 16 | CV33: 0 | CW33: 7370 | CX33: {=SUMPRODUCT(D33:CT33/$D$3:$CT$3)} -> 112.38025 | CY33: =CX33/CW33*100 -> 1.5248338 | DB33: =CX33-DA33 -> 112.38025 | DC33: =MATCH(C33,'کارکرد اداری'!$C$3:$C$64,0) -> #N/A
B34: 14140 | C34: مرضیه تقوی کمال آبادی | M34: 394 | BF34: 3800 | BG34: 5220 | CU34: 19 | CV34: 0 | CW34: 10700 | CX34: {=SUMPRODUCT(D34:CT34/$D$3:$CT$3)} -> 179.30392 | CY34: =CX34/CW34*100 -> 1.6757376 | DB34: =CX34-DA34 -> 179.30392 | DC34: =MATCH(C34,'کارکرد اداری'!$C$3:$C$64,0) -> #N/A
B35: 14546 | C35: اسماعیل مقدسی | K35: 649 | S35: 350 | T35: 300 | AM35: 120 | AV35: 250 | BM35: 475 | BP35: 1018 | BS35: 294 | CU35: 16 | CV35: 0 | CW35: 7760 | CX35: {=SUMPRODUCT(D35:CT35/$D$3:$CT$3)} -> 114.31997 | CY35: =CX35/CW35*100 -> 1.4731955 | DB35: =CX35-DA35 -> 114.31997 | DC35: =MATCH(C35,'کارکرد اداری'!$C$3:$C$64,0) -> #N/A
B36: 14631 | C36: علی حسنی | BA36: 30 | BC36: 56 | BM36: 220 | BU36: 129 | CL36: 16.96 | CM36: 4 | CO36: 225 | CP36: 112 | CU36: 17 | CV36: 0 | CW36: 7940 | CX36: {=SUMPRODUCT(D36:CT36/$D$3:$CT$3)} -> 132.86771 | CY36: =CX36/CW36*100 -> 1.6733968 | DB36: =CX36-DA36 -> 132.86771 | DC36: =MATCH(C36,'کارکرد اداری'!$C$3:$C$64,0) -> #N/A
B37: 14636 | C37: مریم مهربان | D37: 4177 | L37: 636 | Q37: 30 | S37: 30 | BO37: 18 | CG37: 2000 | CO37: 500 | CU37: 17 | CV37: 0 | CW37: 9750 | CX37: {=SUMPRODUCT(D37:CT37/$D$3:$CT$3)} -> 160.47199 | CY37: =CX37/CW37*100 -> 1.6458666 | DB37: =CX37-DA37 -> 160.47199 | DC37: =MATCH(C37,'کارکرد اداری'!$C$3:$C$64,0) -> #N/A
B38: 14641 | C38: مجید شاهین فر | I38: 185 | N38: 600 | S38: 240 | T38: 500 | AN38: 600 | BL38: 3312 | BQ38: 900 | BS38: 1130 | CG38: 360 | CH38: 1365 | CK38: 1273 | CU38: 17 | CV38: 0 | CW38: 7840 | CX38: {=SUMPRODUCT(D38:CT38/$D$3:$CT$3)} -> 111.31816 | CY38: =CX38/CW38*100 -> 1.4198745 | DB38: =CX38-DA38 -> 111.31816 | DC38: =MATCH(C38,'کارکرد اداری'!$C$3:$C$64,0) -> #N/A
B39: 14642 | C39: سیدحسین جعفری | S39: 800 | BC39: 197.5 | BO39: 192 | BU39: 494 | CO39: 1128 | CU39: 17 | CV39: 0 | CW39: 8200 | CX39: {=SUMPRODUCT(D39:CT39/$D$3:$CT$3)} -> 133.51331 | CY39: =CX39/CW39*100 -> 1.6282111 | DB39: =CX39-DA39 -> 133.51331 | DC39: =MATCH(C39,'کارکرد اداری'!$C$3:$C$64,0) -> #N/A
B40: 784 | C40: علیرضا زاهدی اره | BA40: 50 | CL40: 98.4 | CP40: 10.65 | CU40: 17 | CV40: 0 | CW40: 7880 | CX40: {=SUMPRODUCT(D40:CT40/$D$3:$CT$3)} -> 135.97037 | CY40: =CX40/CW40*100 -> 1.7255123 | DB40: =CX40-DA40 -> 135.97037 | DC40: =MATCH(C40,'کارکرد اداری'!$C$3:$C$64,0) -> #N/A
B41: 1015 | C41: صدیقه نامجو | F41: 2385 | H41: 215 | M41: 424 | Q41: 60 | AK41: 30 | BZ41: 1785 | CB41: 6033 | CC41: 2227 | CD41: 699 | CE41: 660 | CU41: 17 | CV41: 0 | CW41: 9280 | CX41: {=SUMPRODUCT(D41:CT41/$D$3:$CT$3)} -> 161.70931 | CY41: =CX41/CW41*100 -> 1.7425572 | DB41: =CX41-DA41 -> 161.70931 | DC41: =MATCH(C41,'کارکرد اداری'!$C$3:$C$64,0) -> #N/A
B42: 14703 | C42: محمدحسین شایسته فرد | D42: 2426 | BF42: 5220 | CG42: 2700 | CK42: 2123 | CU42: 17 | CV42: 0 | CW42: 9640 | CX42: {=SUMPRODUCT(D42:CT42/$D$3:$CT$3)} -> 161.07559 | CY42: =CX42/CW42*100 -> 1.6709086 | DB42: =CX42-DA42 -> 161.07559 | DC42: =MATCH(C42,'کارکرد اداری'!$C$3:$C$64,0) -> #N/A
B43: 14712 | C43: محمد دوستی | K43: 118 | R43: 2120 | S43: 610 | T43: 3070 | AH43: 80 | BM43: 317 | BP43: 86 | BS43: 300 | CQ43: 393 | CU43: 16 | CV43: 0 | CW43: 7940 | CX43: {=SUMPRODUCT(D43:CT43/$D$3:$CT$3)} -> 131.46688 | CY43: =CX43/CW43*100 -> 1.6557541 | DB43: =CX43-DA43 -> 131.46688 | DC43: =MATCH(C43,'کارکرد اداری'!$C$3:$C$64,0) -> #N/A
B44: 14718 | C44: مهدی خانلری | D44: 3726 | Q44: 30 | BZ44: 1982 | CB44: 4302 | CC44: 850 | CU44: 16 | CV44: 0 | CW44: 8840 | CX44: {=SUMPRODUCT(D44:CT44/$D$3:$CT$3)} -> 149.12389 | CY44: =CX44/CW44*100 -> 1.6869219 | DB44: =CX44-DA44 -> 149.12389 | DC44: =MATCH(C44,'کارکرد اداری'!$C$3:$C$64,0) -> #N/A
B45: 14739 | C45: عبیر آلبوغبش | D45: 4300 | M45: 424 | Q45: 30 | S45: 30 | BO45: 218 | CU45: 16 | CV45: 0 | CW45: 9380 | CX45: {=SUMPRODUCT(D45:CT45/$D$3:$CT$3)} -> 160.12519 | CY45: =CX45/CW45*100 -> 1.7070916 | DB45: =CX45-DA45 -> 160.12519 | DC45: =MATCH(C45,'کارکرد اداری'!$C$3:$C$64,0) -> #N/A
B46: 981 | C46: گوهر کرمی | S46: 190 | T46: 30 | AX46: 16 | BO46: 85 | CO46: 1914 | CU46: 15 | CV46: 0 | CW46: 7320 | CX46: {=SUMPRODUCT(D46:CT46/$D$3:$CT$3)} -> 119.20875 | CY46: =CX46/CW46*100 -> 1.6285348 | DB46: =CX46-DA46 -> 119.20875 | DC46: =MATCH(C46,'کارکرد اداری'!$C$3:$C$64,0) -> #N/A
B47: 14760 | C47: فرامرز نظرپور | E47: 5775 | AF47: 10080 | AK47: 510 | AW47: 1795 | BW47: 5134 | BX47: 24767 | BY47: 11925 | CU47: 16 | CV47: 0 | CW47: 9090 | CX47: {=SUMPRODUCT(D47:CT47/$D$3:$CT$3)} -> 158.07805 | CY47: =CX47/CW47*100 -> 1.7390324 | DB47: =CX47-DA47 -> 158.07805 | DC47: =MATCH(C47,'کارکرد اداری'!$C$3:$C$64,0) -> #N/A
B48: 1195 | C48: مریم خلیلی | D48: 1054 | AK48: 620 | CU48: 7 | CV48: 0 | CW48: 4340 | CX48: {=SUMPRODUCT(D48:CT48/$D$3:$CT$3)} -> 34.844961 | CY48: =CX48/CW48*100 -> 0.80287929 | DB48: =CX48-DA48 -> 34.844961 | DC48: =MATCH(C48,'کارکرد اداری'!$C$3:$C$64,0) -> #N/A
B49: 1054 | C49: مصطفی عفتی | I49: 40 | T49: 240 | AN49: 1700 | AV49: 194 | BL49: 764 | BM49: 1082 | BP49: 406 | BS49: 200 | CH49: 555 | CK49: 273 | CN49: 85 | CQ49: 341 | CU49: 16 | CV49: 0 | CW49: 7370 | CX49: {=SUMPRODUCT(D49:CT49/$D$3:$CT$3)} -> 110.36775 | CY49: =CX49/CW49*100 -> 1.4975271 | DB49: =CX49-DA49 -> 110.36775 | DC49: =MATCH(C49,'کارکرد اداری'!$C$3:$C$64,0) -> #N/A
B50: 1057 | C50: سعید عبدالله نژاد | AM50: 440 | BH50: 620 | CG50: 1500 | CK50: 1415 | CU50: 3 | CV50: 0 | CW50: 1680 | CX50: {=SUMPRODUCT(D50:CT50/$D$3:$CT$3)} -> 27.994945 | CY50: =CX50/CW50*100 -> 1.6663658 | DB50: =CX50-DA50 -> 27.994945 | DC50: =MATCH(C50,'کارکرد اداری'!$C$3:$C$64,0) -> #N/A
B51: 1060 | C51: وحید پارسا مقدم | S51: 440 | T51: 160 | CS51: 3880 | CT51: 9710 | CU51: 17 | CV51: 0 | CW51: 8020 | CX51: {=SUMPRODUCT(D51:CT51/$D$3:$CT$3)} -> 133.72543 | CY51: =CX51/CW51*100 -> 1.6673993 | DB51: =CX51-DA51 -> 133.72543 | DC51: =MATCH(C51,'کارکرد اداری'!$C$3:$C$64,0) -> #N/A
B52: 1063 | C52: فرشته حمیدی | F52: 1335 | L52: 621 | P52: 950 | S52: 940 | BO52: 20 | BT52: 685 | CC52: 3692 | CG52: 5756 | CI52: 620 | CK52: 2179 | CU52: 17 | CV52: 0 | CW52: 9280 | CX52: {=SUMPRODUCT(D52:CT52/$D$3:$CT$3)} -> 147.82543 | CY52: =CX52/CW52*100 -> 1.5929464 | DB52: =CX52-DA52 -> 147.82543 | DC52: =MATCH(C52,'کارکرد اداری'!$C$3:$C$64,0) -> #N/A
B53: 1066 | C53: صادق نوروزیان | BA53: 30 | CL53: 67.29 | CM53: 9 | CP53: 49.65 | CU53: 16 | CV53: 0 | CW53: 7760 | CX53: {=SUMPRODUCT(D53:CT53/$D$3:$CT$3)} -> 131.40934 | CY53: =CX53/CW53*100 -> 1.6934193 | DB53: =CX53-DA53 -> 131.40934 | DC53: =MATCH(C53,'کارکرد اداری'!$C$3:$C$64,0) -> #N/A
B54: 1068 | C54: مجید صالحی نیا | S54: 30 | V54: 450 | Z54: 5000 | AA54: 5335 | AG54: 6720 | BE54: 440 | BF54: 2920 | CL54: 19.5 | CU54: 16 | CV54: 0 | CW54: 8640 | CX54: {=SUMPRODUCT(D54:CT54/$D$3:$CT$3)} -> 144.72423 | CY54: =CX54/CW54*100 -> 1.675049 | DB54: =CX54-DA54 -> 144.72423 | DC54: =MATCH(C54,'کارکرد اداری'!$C$3:$C$64,0) -> #N/A
B55: 1067 | C55: جلال نیک خوی | S55: 500 | AO55: 203 | BC55: 102 | BO55: 527 | BU55: 1093 | CO55: 69 | CU55: 17 | CV55: 0 | CW55: 8200 | CX55: {=SUMPRODUCT(D55:CT55/$D$3:$CT$3)} -> 135.20815 | CY55: =CX55/CW55*100 -> 1.6488799 | DB55: =CX55-DA55 -> 135.20815 | DC55: =MATCH(C55,'کارکرد اداری'!$C$3:$C$64,0) -> #N/A
B56: 1087 | C56: سجاد امامی کلاته | S56: 30 | AX56: 89 | BA56: 30 | CL56: 72.29 | CP56: 11 | CU56: 13 | CV56: 0 | CW56: 6440 | CX56: {=SUMPRODUCT(D56:CT56/$D$3:$CT$3)} -> 109.06192 | CY56: =CX56/CW56*100 -> 1.693508 | DB56: =CX56-DA56 -> 109.06192 | DC56: =MATCH(C56,'کارکرد اداری'!$C$3:$C$64,0) -> #N/A
B57: 1086 | C57: سید مهدی صلاحی | S57: 1740 | AI57: 327 | BC57: 202.5 | BO57: 588 | CU57: 17 | CV57: 0 | CW57: 8200 | CX57: {=SUMPRODUCT(D57:CT57/$D$3:$CT$3)} -> 133.23891 | CY57: =CX57/CW57*100 -> 1.6248648 | DB57: =CX57-DA57 -> 133.23891 | DC57: =MATCH(C57,'کارکرد اداری'!$C$3:$C$64,0) -> #N/A
B58: 1091 | C58: رضا نویدی | D58: 1792 | L58: 562 | Q58: 120 | AM58: 240 | BF58: 30 | CG58: 4810 | CI58: 1440 | CK58: 4048 | CU58: 17 | CV58: 0 | CW58: 9820 | CX58: {=SUMPRODUCT(D58:CT58/$D$3:$CT$3)} -> 105.67748 | CY58: =CX58/CW58*100 -> 1.0761454 | DB58: =CX58-DA58 -> 105.67748 | DC58: =MATCH(C58,'کارکرد اداری'!$C$3:$C$64,0) -> #N/A
B59: 1095 | C59: علی اسماعیلی | K59: 394 | S59: 540 | T59: 210 | AV59: 247 | BF59: 620 | BM59: 110 | BP59: 1138 | BS59: 710 | CQ59: 76 | CU59: 16 | CV59: 0 | CW59: 7760 | CX59: {=SUMPRODUCT(D59:CT59/$D$3:$CT$3)} -> 114.32019 | CY59: =CX59/CW59*100 -> 1.4731983 | DB59: =CX59-DA59 -> 114.32019 | DC59: =MATCH(C59,'کارکرد اداری'!$C$3:$C$64,0) -> #N/A
B60: 1112 | C60: مرضیه طحان | S60: 90 | AT60: 250 | BC60: 193.5 | BO60: 670 | CH60: 675 | CU60: 15 | CV60: 0 | CW60: 7320 | CX60: {=SUMPRODUCT(D60:CT60/$D$3:$CT$3)} -> 117.59981 | CY60: =CX60/CW60*100 -> 1.6065548 | DB60: =CX60-DA60 -> 117.59981 | DC60: =MATCH(C60,'کارکرد اداری'!$C$3:$C$64,0) -> #N/A
B61: 1118 | C61: معصومه معروف | S61: 240 | AX61: 116 | BO61: 55 | CO61: 2117 | CU61: 17 | CV61: 0 | CW61: 8200 | CX61: {=SUMPRODUCT(D61:CT61/$D$3:$CT$3)} -> 134.07631 | CY61: =CX61/CW61*100 -> 1.6350769 | DB61: =CX61-DA61 -> 134.07631 | DC61: =MATCH(C61,'کارکرد اداری'!$C$3:$C$64,0) -> #N/A
B62: 1120 | C62: رضا نجفی | I62: 80 | T62: 60 | V62: 192 | AL62: 120 | AM62: 120 | AV62: 225 | AZ62: 300 | BM62: 345 | BS62: 724 | CF62: 450 | CG62: 612 | CH62: 1432 | CK62: 1181 | CQ62: 60 | CU62: 11 | CV62: 0 | CW62: 5170 | CX62: {=SUMPRODUCT(D62:CT62/$D$3:$CT$3)} -> 72.874212 | CY62: =CX62/CW62*100 -> 1.4095592 | DB62: =CX62-DA62 -> 72.874212 | DC62: =MATCH(C62,'کارکرد اداری'!$C$3:$C$64,0) -> #N/A
B63: 1121 | C63: حیدر براهویی | BA63: 140 | CL63: 64.81 | CP63: 29.32 | CU63: 13 | CV63: 0 | CW63: 6140 | CX63: {=SUMPRODUCT(D63:CT63/$D$3:$CT$3)} -> 106.72285 | CY63: =CX63/CW63*100 -> 1.7381572
B64: 1122 | C64: عماد اسماعیلی | BF64: 3450 | BG64: 1680 | CU64: 9 | CV64: 0 | CW64: 5130 | CX64: {=SUMPRODUCT(D64:CT64/$D$3:$CT$3)} -> 85.5 | CY64: =CX64/CW64*100 -> 1.6666667
B65: 1127 | C65: عاطفه صادقیان | S65: 2300 | V65: 670 | W65: 14140 | X65: 14140 | Y65: 14140 | AE65: 3360 | CB65: 750 | CU65: 16 | CV65: 0 | CW65: 9380 | CX65: {=SUMPRODUCT(D65:CT65/$D$3:$CT$3)} -> 155.29636 | CY65: =CX65/CW65*100 -> 1.6556115
B66: 1126 | C66: محمد سراج زاده | BA66: 170 | CL66: 19.65 | CP66: 148.67 | CU66: 16 | CV66: 0 | CW66: 7760 | CX66: {=SUMPRODUCT(D66:CT66/$D$3:$CT$3)} -> 130.88385 | CY66: =CX66/CW66*100 -> 1.6866475
B67: 1129 | C67: کامبیز میرزا خانی | Q67: 60 | AK67: 540 | BF67: 300 | CF67: 1620 | CG67: 9914 | CH67: 4348 | CJ67: 115 | CK67: 13986 | CU67: 16 | CV67: 0 | CW67: 8840 | CX67: {=SUMPRODUCT(D67:CT67/$D$3:$CT$3)} -> 132.99189 | CY67: =CX67/CW67*100 -> 1.5044331
B68: 1137 | C68: مجید سروان نژاد | S68: 1430 | AY68: 280 | BB68: 200 | BM68: 90 | BO68: 6 | BU68: 1592 | CH68: 3103 | CK68: 2182 | CL68: 2.31 | CO68: 263 | CU68: 16 | CV68: 0 | CW68: 7580 | CX68: {=SUMPRODUCT(D68:CT68/$D$3:$CT$3)} -> 114.64713 | CY68: =CX68/CW68*100 -> 1.5124951
B69: 1130 | C69: قاسم فدایی زاده | S69: 120 | T69: 30 | BL69: 550 | BQ69: 150 | BS69: 65 | CR69: 3515 | CU69: 16 | CV69: 0 | CW69: 7130 | CX69: {=SUMPRODUCT(D69:CT69/$D$3:$CT$3)} -> 113.54376 | CY69: =CX69/CW69*100 -> 1.5924791
B70: 1131 | C70: محمد صادق قادری | N70: 1700 | S70: 880 | T70: 510 | BL70: 500 | BM70: 1040 | BP70: 205 | BR70: 2700 | BS70: 545 | CF70: 450 | CH70: 255 | CK70: 500 | CQ70: 1205 | CU70: 16 | CV70: 0 | CW70: 7400 | CX70: {=SUMPRODUCT(D70:CT70/$D$3:$CT$3)} -> 114.33218 | CY70: =CX70/CW70*100 -> 1.5450295
B71: 1134 | C71: اعظم ثابتی | BN71: 11196 | BZ71: 1982 | CB71: 3945 | CC71: 850 | CU71: 12 | CV71: 0 | CW71: 6720 | CX71: {=SUMPRODUCT(D71:CT71/$D$3:$CT$3)} -> 114.38273 | CY71: =CX71/CW71*100 -> 1.702124
B72: 1141 | C72: رسول سلیمی شرق | Q72: 270 | BH72: 1550 | CG72: 8897 | CH72: 6069 | CK72: 13031 | CU72: 16 | CV72: 0 | CW72: 8840 | CX72: {=SUMPRODUCT(D72:CT72/$D$3:$CT$3)} -> 144.25057 | CY72: =CX72/CW72*100 -> 1.6317938
B73: 1140 | C73: امید رضازاده | AH73: 16 | BM73: 60 | CN73: 65 | CU73: 1 | CV73: 0 | CW73: 440 | CX73: {=SUMPRODUCT(D73:CT73/$D$3:$CT$3)} -> 8.3380412 | CY73: =CX73/CW73*100 -> 1.8950094
B74: 1142 | C74: ابوالفضل رمضانی | Q74: 30 | BI74: 748 | CH74: 114 | CK74: 318 | CU74: 16 | CV74: 0 | CW74: 9380 | CX74: {=SUMPRODUCT(D74:CT74/$D$3:$CT$3)} -> 151.59764 | CY74: =CX74/CW74*100 -> 1.6161796
B75: 1144 | C75: جمال عربیان قره تکان | F75: 1335 | BZ75: 2957 | CA75: 992 | CB75: 6701 | CC75: 3749 | CD75: 267 | CU75: 17 | CV75: 0 | CW75: 8510 | CX75: {=SUMPRODUCT(D75:CT75/$D$3:$CT$3)} -> 144.92544 | CY75: =CX75/CW75*100 -> 1.7030017
B76: 1145 | C76: محسن فردوس نژاد | S76: 150 | T76: 60 | AK76: 380 | BL76: 550 | BM76: 35 | BQ76: 150 | BR76: 600 | CG76: 208 | CR76: 3410 | CU76: 16 | CV76: 0 | CW76: 7580 | CX76: {=SUMPRODUCT(D76:CT76/$D$3:$CT$3)} -> 119.37745 | CY76: =CX76/CW76*100 -> 1.5749004
B77: 1146 | C77: مهدی ایزی | Q77: 30 | BI77: 606 | CH77: 210 | CU77: 14 | CV77: 0 | CW77: 7640 | CX77: {=SUMPRODUCT(D77:CT77/$D$3:$CT$3)} -> 123.16853 | CY77: =CX77/CW77*100 -> 1.6121536
B78: 1156 | C78: مریم مرشدلو | S78: 180 | AX78: 27 | BC78: 83 | BH78: 820 | BO78: 393 | CF78: 993 | CH78: 2777 | CK78: 1953 | CO78: 310 | CU78: 17 | CV78: 0 | CW78: 8560 | CX78: {=SUMPRODUCT(D78:CT78/$D$3:$CT$3)} -> 123.70742 | CY78: =CX78/CW78*100 -> 1.4451801
B79: 1159 | C79: رضا شاهد | U79: 18260 | V79: 3700 | W79: 2132 | X79: 2132 | Y79: 2132 | Z79: 6230 | AA79: 7635 | AD79: 6720 | AE79: 1680 | AL79: 60 | BD79: 6000 | CU79: 17 | CV79: 0 | CW79: 9820 | CX79: {=SUMPRODUCT(D79:CT79/$D$3:$CT$3)} -> 163.95169 | CY79: =CX79/CW79*100 -> 1.6695691
B80: 1136 | C80: مصطفی صمدی | S80: 1240 | BC80: 184 | BO80: 462 | BU80: 1192 | CO80: 72 | CU80: 17 | CV80: 0 | CW80: 8200 | CX80: {=SUMPRODUCT(D80:CT80/$D$3:$CT$3)} -> 132.83869 | CY80: =CX80/CW80*100 -> 1.619984
B81: 1161 | C81: میلاد رفعت | S81: 240 | AP81: 530 | BC81: 176 | BO81: 611 | CU81: 15 | CV81: 0 | CW81: 7140 | CX81: {=SUMPRODUCT(D81:CT81/$D$3:$CT$3)} -> 115.65826 | CY81: =CX81/CW81*100 -> 1.6198636
B82: 1160 | C82: علی صفر علیزاده | Q82: 30 | AK82: 30 | BI82: 786 | CH82: 272 | CU82: 17 | CV82: 0 | CW82: 9820 | CX82: {=SUMPRODUCT(D82:CT82/$D$3:$CT$3)} -> 160.1021 | CY82: =CX82/CW82*100 -> 1.6303676
B83: 1165 | C83: جواد عبد الهی | Q83: 90 | BI83: 796 | CH83: 86 | CK83: 363 | CU83: 17 | CV83: 0 | CW83: 10000 | CX83: {=SUMPRODUCT(D83:CT83/$D$3:$CT$3)} -> 162.10096 | CY83: =CX83/CW83*100 -> 1.6210096
B84: 1163 | C84: مهدی بقایی مقدم | BA84: 120 | BM84: 150 | CL84: 81.4 | CP84: 47.46 | CU84: 17 | CV84: 0 | CW84: 8380 | CX84: {=SUMPRODUCT(D84:CT84/$D$3:$CT$3)} -> 145.39582 | CY84: =CX84/CW84*100 -> 1.7350336
B85: 1166 | C85: مرتضی اسماعیلی مقدم | K85: 153 | S85: 350 | T85: 180 | AV85: 205 | BM85: 485 | BP85: 1541 | BS85: 760 | CU85: 17 | CV85: 0 | CW85: 8200 | CX85: {=SUMPRODUCT(D85:CT85/$D$3:$CT$3)} -> 113.46601 | CY85: =CX85/CW85*100 -> 1.3837318
B86: 1171 | C86: محمد تفاوتی | L86: 291 | Q86: 30 | AM86: 240 | BF86: 30 | BI86: 270 | CG86: 852 | CH86: 162 | CK86: 5130 | CU86: 16 | CV86: 0 | CW86: 9200 | CX86: {=SUMPRODUCT(D86:CT86/$D$3:$CT$3)} -> 86.22711 | CY86: =CX86/CW86*100 -> 0.93725119
B87: 1170 | C87: رعنا سیستانی | D87: 2097 | L87: 370 | BI87: 19 | CG87: 3095 | CO87: 20 | CU87: 17 | CV87: 0 | CW87: 9680 | CX87: {=SUMPRODUCT(D87:CT87/$D$3:$CT$3)} -> 82.131272 | CY87: =CX87/CW87*100 -> 0.84846355
B88: 1173 | C88: سعید صادق | I88: 90 | S88: 90 | T88: 30 | AK88: 180 | AM88: 240 | BL88: 1196 | BM88: 615 | BS88: 625 | CF88: 750 | CG88: 4782 | CH88: 650 | CI88: 360 | CK88: 3979 | CU88: 17 | CV88: 0 | CW88: 8380 | CX88: {=SUMPRODUCT(D88:CT88/$D$3:$CT$3)} -> 102.40374 | CY88: =CX88/CW88*100 -> 1.2220017
B89: 1182 | C89: سعید شعیبی | Q89: 330 | AK89: 30 | BF89: 620 | BH89: 3495 | BJ89: 300 | CA89: 595 | CB89: 1651 | CG89: 2283 | CK89: 3402 | CU89: 14 | CV89: 0 | CW89: 8050 | CX89: {=SUMPRODUCT(D89:CT89/$D$3:$CT$3)} -> 117.24569 | CY89: =CX89/CW89*100 -> 1.4564682
B90: 1180 | C90: حجت بابری | Q90: 30 | BF90: 1500 | CG90: 5773 | CH90: 4367 | CJ90: 110 | CK90: 9226 | CU90: 17 | CV90: 0 | CW90: 9100 | CX90: {=SUMPRODUCT(D90:CT90/$D$3:$CT$3)} -> 105.94819 | CY90: =CX90/CW90*100 -> 1.1642658
B91: 1185 | C91: سعید عاشوری | AK91: 30 | BH91: 1180 | BZ91: 2692 | CA91: 1116 | CB91: 7502 | CC91: 2732 | CU91: 17 | CV91: 0 | CW91: 9430 | CX91: {=SUMPRODUCT(D91:CT91/$D$3:$CT$3)} -> 149.64759 | CY91: =CX91/CW91*100 -> 1.586931
B92: 1190 | C92: زهرا توشه | L92: 291 | S92: 60 | AI92: 74 | AO92: 5 | AP92: 150 | AR92: 150 | AS92: 106 | BH92: 1360 | BO92: 102 | CG92: 3815 | CH92: 3079 | CK92: 1772 | CU92: 17 | CV92: 0 | CW92: 8560 | CX92: {=SUMPRODUCT(D92:CT92/$D$3:$CT$3)} -> 99.626126 | CY92: =CX92/CW92*100 -> 1.1638566
B93: 1189 | C93: محسن ملا سروستانی | CG93: 3265 | CK93: 1225 | CU93: 3 | CV93: 0 | CW93: 1500 | CX93: {=SUMPRODUCT(D93:CT93/$D$3:$CT$3)} -> 18.395353 | CY93: =CX93/CW93*100 -> 1.2263569
B94: 1187 | C94: آذر رضایی اول | BZ94: 189 | CA94: 1116 | CB94: 7837 | CC94: 2920 | CH94: 1258 | CK94: 1000 | CU94: 17 | CV94: 0 | CW94: 8750 | CX94: {=SUMPRODUCT(D94:CT94/$D$3:$CT$3)} -> 135.66396 | CY94: =CX94/CW94*100 -> 1.5504453
B95: 1168 | C95: محمد شیردل | S95: 1020 | T95: 530 | BL95: 2394 | CU95: 11 | CV95: 0 | CW95: 4840 | CX95: {=SUMPRODUCT(D95:CT95/$D$3:$CT$3)} -> 65.079235 | CY95: =CX95/CW95*100 -> 1.3446123
B96: 1192 | C96: مریم حیدری | D96: 1732 | CU96: 10 | CV96: 0 | CW96: 6020 | CX96: {=SUMPRODUCT(D96:CT96/$D$3:$CT$3)} -> 40.27907 | CY96: =CX96/CW96*100 -> 0.66908754
B97: 1193 | C97: فاطمه قلندر | D97: 1692 | Q97: 440 | CU97: 11 | CV97: 0 | CW97: 6490 | CX97: {=SUMPRODUCT(D97:CT97/$D$3:$CT$3)} -> 46.682171 | CY97: =CX97/CW97*100 -> 0.71929385
CX98: {=SUMPRODUCT(D98:CT98/$D$3:$CT$3)} -> 0 | CY98: =CX98/CW98*100 -> #DIV/0!
CX99: {=SUMPRODUCT(D99:CT99/$D$3:$CT$3)} -> 0 | CY99: =CX99/CW99*100 -> #DIV/0!
CX100: {=SUMPRODUCT(D100:CT100/$D$3:$CT$3)} -> 0 | CY100: =CX100/CW100*100 -> #DIV/0!
...

Sheet خلاصه عملکرد
A1: ماه : | B1: شهریور 1403 | E1: تعداد روز ماه : | F1: 31 | H1: تعداد روزهای تعطیل ماه (با احتساب جمعه ها) : | M1: 10
A2: وضعیت | B2: محل فعالیت | C2: شماره کارت | D2: شماره پرسنلی | E2: نام و نام خانوادگی | F2: نام و نام خانوادگی2 | G2: غیبت | H2: بیماری | I2: مرخصی بدون حقوق | J2: مرخصی استحقاقی | K2: ساعت مرخصی | L2: دقیقه مرخصی | M2: ساعت اضافه کار | N2: دقیقه اضافه کار | O2: تعداد روز کاری (غیر تعطیل) | P2: حضور اداری | Q2: حضور ثبت شده واحد برنامه ریزی | R2: تفاوت حضور اداری و برنامه ریزی | S2: کارکرد آماری | T2: کسر کار | U2: پاداش | V2: کسر کار (اداری) | W2: پاداش (اداری) | X2: کسر کار طبق محاسبات صنایع | Y2: پاداش طبق محاسبات صنایع | Z2: شماره کارت | AA2: شماره پرسنلی | AB2: توضیحات
C3: 1097 | D3: 14345 | E3: حسین نعمتی | G3: =_xlfn.IFNA(_xlfn.XLOOKUP(D3,'کارکرد اداری'!$C$4:$C$204,'کارکرد اداری'!$N$4:$N$204,"0",0),_xlfn.XLOOKUP(C3,'کارکرد اداری'!$C$4:$C$204,'کارکرد اداری'!$N$4:$N$204,"0",0)) -> 0 | H3: =_xlfn.XLOOKUP(D3,'کارکرد اداری'!$C$4:$C$204,'کارکرد اداری'!$K$4:$K$204,0,0) -> 0 | I3: =_xlfn.XLOOKUP(D3,'کارکرد اداری'!$C$4:$C$204,'کارکرد اداری'!$I$4:$I$204,0,0) -> 0 | J3: {=_xlfn.IFNA(INDEX('کارکرد اداری'!J:J,MATCH(C3,'کارکرد اداری'!B:B,0),0),INDEX('کارکرد اداری'!J:J,MATCH(D3,'کارکرد اداری'!C:C,0),0))} -> #N/A | K3: {=_xlfn.IFNA(INDEX('کارکرد اداری'!R:R,MATCH(C3,'کارکرد اداری'!B:B,0),0),INDEX('کارکرد اداری'!R:R,MATCH(D3,'کارکرد اداری'!C:C,0),0))} -> #N/A | L3: {=_xlfn.IFNA(INDEX('کارکرد اداری'!S:S,MATCH(C3,'کارکرد اداری'!B:B,0),0),INDEX('کارکرد اداری'!S:S,MATCH(D3,'کارکرد اداری'!C:C,0),0))} -> #N/A | M3: {=_xlfn.IFNA(INDEX('کارکرد اداری'!P:P,MATCH(C3,'کارکرد اداری'!B:B,0),0),INDEX('کارکرد اداری'!P:P,MATCH(D3,'کارکرد اداری'!C:C,0),0))} -> #N/A | N3: {=_xlfn.IFNA(INDEX('کارکرد اداری'!Q:Q,MATCH(C3,'کارکرد اداری'!B:B,0),0),INDEX('کارکرد اداری'!Q:Q,MATCH(D3,'کارکرد اداری'!C:C,0),0))} -> #N/A | O3: =$F$1-$M$1-G3-H3-I3-J3 -> #N/A | P3: =((O3*440+M3*60+N3)-(K3*60-L3))/60 -> #N/A | Q3: {=_xlfn.IFNA(INDEX(نهایی!CW:CW,MATCH(D3,نهایی!B:B,0),0)/60,INDEX(نهایی!CW:CW,MATCH(C3,نهایی!B:B,0),0)/60)} -> 157.66667 | R3: =Q3-P3 -> #N/A | S3: =_xlfn.IFNA(INDEX(نهایی!CX:CX,MATCH(D3,نهایی!B:B,0)),INDEX(نهایی!CX:CX,MATCH(C3,نهایی!B:B,0))) -> 158.18809 | T3: =IF(S3>Q3,"",Q3-S3) | U3: =IF(Q3>S3,"",S3-Q3) -> 0.52142395 | V3: =IF(P3>S3,P3-S3,"") -> #N/A | W3: =IF(P3<S3,S3-P3,"") -> #N/A | X3: =ROUNDDOWN(IF((0.95-S3/P3)>0,(0.95-S3/P3),0)*Q3,0) -> #N/A | Y3: =ROUNDUP((IF(((S3/P3)-0.97)>0,((S3/P3)-0.97),0)*Q3)/1,0) -> #N/A | Z3: =VLOOKUP(C3,نهایی!B:B,1,0) -> #N/A | AA3: =VLOOKUP(D3,نهایی!B:B,1,0) -> 14345
C4: =_xlfn.XLOOKUP(D4,'کارکرد اداری'!$C$3:$C$106,'کارکرد اداری'!$B$3:$B$106,0,1) -> 602 | D4: 14541 | E4: فرهاد صبوری مقدم | G4: =_xlfn.IFNA(_xlfn.XLOOKUP(D4,'کارکرد اداری'!$C$4:$C$204,'کارکرد اداری'!$N$4:$N$204,"0",0),_xlfn.XLOOKUP(C4,'کارکرد اداری'!$C$4:$C$204,'کارکرد اداری'!$N$4:$N$204,"0",0)) -> 0 | H4: =_xlfn.XLOOKUP(D4,'کارکرد اداری'!$C$4:$C$204,'کارکرد اداری'!$K$4:$K$204,0,1) -> 0 | I4: =_xlfn.XLOOKUP(D4,'کارکرد اداری'!$C$4:$C$204,'کارکرد اداری'!$I$4:$I$204,0,1) -> 0 | J4: {=_xlfn.IFNA(INDEX('کارکرد اداری'!J:J,MATCH(C4,'کارکرد اداری'!B:B,0),0),INDEX('کارکرد اداری'!J:J,MATCH(D4,'کارکرد اداری'!C:C,0),0))} -> #N/A | K4: {=_xlfn.IFNA(INDEX('کارکرد اداری'!R:R,MATCH(C4,'کارکرد اداری'!B:B,0),0),INDEX('کارکرد اداری'!R:R,MATCH(D4,'کارکرد اداری'!C:C,0),0))} -> #N/A | L4: {=_xlfn.IFNA(INDEX('کارکرد اداری'!S:S,MATCH(C4,'کارکرد اداری'!B:B,0),0),INDEX('کارکرد اداری'!S:S,MATCH(D4,'کارکرد اداری'!C:C,0),0))} -> #N/A | M4: {=_xlfn.IFNA(INDEX('کارکرد اداری'!P:P,MATCH(C4,'کارکرد اداری'!B:B,0),0),INDEX('کارکرد اداری'!P:P,MATCH(D4,'کارکرد اداری'!C:C,0),0))} -> #N/A | N4: {=_xlfn.IFNA(INDEX('کارکرد اداری'!Q:Q,MATCH(C4,'کارکرد اداری'!B:B,0),0),INDEX('کارکرد اداری'!Q:Q,MATCH(D4,'کارکرد اداری'!C:C,0),0))} -> #N/A | O4: =$F$1-$M$1-G4-H4-I4-J4 -> #N/A | P4: =((O4*440+M4*60+N4)-(K4*60-L4))/60 -> #N/A | Q4: {=_xlfn.IFNA(INDEX(نهایی!CW:CW,MATCH(D4,نهایی!B:B,0),0)/60,INDEX(نهایی!CW:CW,MATCH(C4,نهایی!B:B,0),0)/60)} -> 156.33333 | R4: =Q4-P4 -> #N/A | S4: =_xlfn.IFNA(INDEX(نهایی!CX:CX,MATCH(D4,نهایی!B:B,0)),INDEX(نهایی!CX:CX,MATCH(C4,نهایی!B:B,0))) -> 164.90744 | T4: =IF(S4>Q4,"",Q4-S4) | U4: =IF(Q4>S4,"",S4-Q4) -> 8.5741039 | V4: =IF(P4>S4,P4-S4,"") -> #N/A | W4: =IF(P4<S4,S4-P4,"") -> #N/A | X4: =ROUNDDOWN(IF((0.95-S4/P4)>0,(0.95-S4/P4),0)*Q4,0) -> #N/A | Y4: =ROUNDUP((IF(((S4/P4)-0.97)>0,((S4/P4)-0.97),0)*Q4)/1,0) -> #N/A | Z4: =VLOOKUP(C4,نهایی!B:B,1,0) -> #N/A | AA4: =VLOOKUP(D4,نهایی!B:B,1,0) -> 14541
C5: =_xlfn.XLOOKUP(D5,'کارکرد اداری'!$C$3:$C$106,'کارکرد اداری'!$B$3:$B$106,0,1) -> 580 | D5: 14531 | E5: الهه جابری | G5: =_xlfn.IFNA(_xlfn.XLOOKUP(D5,'کارکرد اداری'!$C$4:$C$204,'کارکرد اداری'!$N$4:$N$204,"0",0),_xlfn.XLOOKUP(C5,'کارکرد اداری'!$C$4:$C$204,'کارکرد اداری'!$N$4:$N$204,"0",0)) -> 0 | H5: =_xlfn.XLOOKUP(D5,'کارکرد اداری'!$C$4:$C$204,'کارکرد اداری'!$K$4:$K$204,0,1) -> 0 | I5: =_xlfn.XLOOKUP(D5,'کارکرد اداری'!$C$4:$C$204,'کارکرد اداری'!$I$4:$I$204,0,1) -> 0 | J5: {=_xlfn.IFNA(INDEX('کارکرد اداری'!J:J,MATCH(C5,'کارکرد اداری'!B:B,0),0),INDEX('کارکرد اداری'!J:J,MATCH(D5,'کارکرد اداری'!C:C,0),0))} -> #N/A | K5: {=_xlfn.IFNA(INDEX('کارکرد اداری'!R:R,MATCH(C5,'کارکرد اداری'!B:B,0),0),INDEX('کارکرد اداری'!R:R,MATCH(D5,'کارکرد اداری'!C:C,0),0))} -> #N/A | L5: {=_xlfn.IFNA(INDEX('کارکرد اداری'!S:S,MATCH(C5,'کارکرد اداری'!B:B,0),0),INDEX('کارکرد اداری'!S:S,MATCH(D5,'کارکرد اداری'!C:C,0),0))} -> #N/A | M5: {=_xlfn.IFNA(INDEX('کارکرد اداری'!P:P,MATCH(C5,'کارکرد اداری'!B:B,0),0),INDEX('کارکرد اداری'!P:P,MATCH(D5,'کارکرد اداری'!C:C,0),0))} -> #N/A | N5: {=_xlfn.IFNA(INDEX('کارکرد اداری'!Q:Q,MATCH(C5,'کارکرد اداری'!B:B,0),0),INDEX('کارکرد اداری'!Q:Q,MATCH(D5,'کارکرد اداری'!C:C,0),0))} -> #N/A | O5: =$F$1-$M$1-G5-H5-I5-J5 -> #N/A | P5: =((O5*440+M5*60+N5)-(K5*60-L5))/60 -> #N/A | Q5: {=_xlfn.IFNA(INDEX(نهایی!CW:CW,MATCH(D5,نهایی!B:B,0),0)/60,INDEX(نهایی!CW:CW,MATCH(C5,نهایی!B:B,0),0)/60)} -> 174 | R5: =Q5-P5 -> #N/A | S5: =_xlfn.IFNA(INDEX(نهایی!CX:CX,MATCH(D5,نهایی!B:B,0)),INDEX(نهایی!CX:CX,MATCH(C5,نهایی!B:B,0))) -> 175.05882 | T5: =IF(S5>Q5,"",Q5-S5) | U5: =IF(Q5>S5,"",S5-Q5) -> 1.0588235 | V5: =IF(P5>S5,P5-S5,"") -> #N/A | W5: =IF(P5<S5,S5-P5,"") -> #N/A | X5: =ROUNDDOWN(IF((0.95-S5/P5)>0,(0.95-S5/P5),0)*Q5,0) -> #N/A | Y5: =ROUNDUP((IF(((S5/P5)-0.97)>0,((S5/P5)-0.97),0)*Q5)/1,0) -> #N/A | Z5: =VLOOKUP(C5,نهایی!B:B,1,0) -> #N/A | AA5: =VLOOKUP(D5,نهایی!B:B,1,0) -> 14531
C6: =_xlfn.XLOOKUP(D6,'کارکرد اداری'!$C$3:$C$106,'کارکرد اداری'!$B$3:$B$106,0,1) -> 644 | D6: 14570 | E6: اکرم ریحانی | G6: =_xlfn.IFNA(_xlfn.XLOOKUP(D6,'کارکرد اداری'!$C$4:$C$204,'کارکرد اداری'!$N$4:$N$204,"0",0),_xlfn.XLOOKUP(C6,'کارکرد اداری'!$C$4:$C$204,'کارکرد اداری'!$N$4:$N$204,"0",0)) -> 0 | H6: =_xlfn.XLOOKUP(D6,'کارکرد اداری'!$C$4:$C$204,'کارکرد اداری'!$K$4:$K$204,0,1) -> 0 | I6: =_xlfn.XLOOKUP(D6,'کارکرد اداری'!$C$4:$C$204,'کارکرد اداری'!$I$4:$I$204,0,1) -> 0 | J6: {=_xlfn.IFNA(INDEX('کارکرد اداری'!J:J,MATCH(C6,'کارکرد اداری'!B:B,0),0),INDEX('کارکرد اداری'!J:J,MATCH(D6,'کارکرد اداری'!C:C,0),0))} -> #N/A | K6: {=_xlfn.IFNA(INDEX('کارکرد اداری'!R:R,MATCH(C6,'کارکرد اداری'!B:B,0),0),INDEX('کارکرد اداری'!R:R,MATCH(D6,'کارکرد اداری'!C:C,0),0))} -> #N/A | L6: {=_xlfn.IFNA(INDEX('کارکرد اداری'!S:S,MATCH(C6,'کارکرد اداری'!B:B,0),0),INDEX('کارکرد اداری'!S:S,MATCH(D6,'کارکرد اداری'!C:C,0),0))} -> #N/A | M6: {=_xlfn.IFNA(INDEX('کارکرد اداری'!P:P,MATCH(C6,'کارکرد اداری'!B:B,0),0),INDEX('کارکرد اداری'!P:P,MATCH(D6,'کارکرد اداری'!C:C,0),0))} -> #N/A | N6: {=_xlfn.IFNA(INDEX('کارکرد اداری'!Q:Q,MATCH(C6,'کارکرد اداری'!B:B,0),0),INDEX('کارکرد اداری'!Q:Q,MATCH(D6,'کارکرد اداری'!C:C,0),0))} -> #N/A | O6: =$F$1-$M$1-G6-H6-I6-J6 -> #N/A | P6: =((O6*440+M6*60+N6)-(K6*60-L6))/60 -> #N/A | Q6: {=_xlfn.IFNA(INDEX(نهایی!CW:CW,MATCH(D6,نهایی!B:B,0),0)/60,INDEX(نهایی!CW:CW,MATCH(C6,نهایی!B:B,0),0)/60)} -> 166.66667 | R6: =Q6-P6 -> #N/A | S6: =_xlfn.IFNA(INDEX(نهایی!CX:CX,MATCH(D6,نهایی!B:B,0)),INDEX(نهایی!CX:CX,MATCH(C6,نهایی!B:B,0))) -> 173.50647 | T6: =IF(S6>Q6,"",Q6-S6) | U6: =IF(Q6>S6,"",S6-Q6) -> 6.8398039 | V6: =IF(P6>S6,P6-S6,"") -> #N/A | W6: =IF(P6<S6,S6-P6,"") -> #N/A | X6: =ROUNDDOWN(IF((0.95-S6/P6)>0,(0.95-S6/P6),0)*Q6,0) -> #N/A | Y6: =ROUNDUP((IF(((S6/P6)-0.97)>0,((S6/P6)-0.97),0)*Q6)/1,0) -> #N/A | Z6: =VLOOKUP(C6,نهایی!B:B,1,0) -> #N/A | AA6: =VLOOKUP(D6,نهایی!B:B,1,0) -> 14570
C7: =_xlfn.XLOOKUP(D7,'کارکرد اداری'!$C$3:$C$106,'کارکرد اداری'!$B$3:$B$106,0,1) -> 1015 | D7: 1015 | E7: صدیقه نامجو گوش | G7: =_xlfn.IFNA(_xlfn.XLOOKUP(D7,'کارکرد اداری'!$C$4:$C$204,'کارکرد اداری'!$N$4:$N$204,"0",0),_xlfn.XLOOKUP(C7,'کارکرد اداری'!$C$4:$C$204,'کارکرد اداری'!$N$4:$N$204,"0",0)) -> #N/A | H7: =_xlfn.XLOOKUP(D7,'کارکرد اداری'!$C$4:$C$204,'کارکرد اداری'!$K$4:$K$204,0,1) -> 0 | I7: =_xlfn.XLOOKUP(D7,'کارکرد اداری'!$C$4:$C$204,'کارکرد اداری'!$I$4:$I$204,0,1) -> 0 | J7: {=_xlfn.IFNA(INDEX('کارکرد اداری'!J:J,MATCH(C7,'کارکرد اداری'!B:B,0),0),INDEX('کارکرد اداری'!J:J,MATCH(D7,'کارکرد اداری'!C:C,0),0))} -> #N/A | K7: {=_xlfn.IFNA(INDEX('کارکرد اداری'!R:R,MATCH(C7,'کارکرد اداری'!B:B,0),0),INDEX('کارکرد اداری'!R:R,MATCH(D7,'کارکرد اداری'!C:C,0),0))} -> #N/A | L7: {=_xlfn.IFNA(INDEX('کارکرد اداری'!S:S,MATCH(C7,'کارکرد اداری'!B:B,0),0),INDEX('کارکرد اداری'!S:S,MATCH(D7,'کارکرد اداری'!C:C,0),0))} -> #N/A | M7: {=_xlfn.IFNA(INDEX('کارکرد اداری'!P:P,MATCH(C7,'کارکرد اداری'!B:B,0),0),INDEX('کارکرد اداری'!P:P,MATCH(D7,'کارکرد اداری'!C:C,0),0))} -> #N/A | N7: {=_xlfn.IFNA(INDEX('کارکرد اداری'!Q:Q,MATCH(C7,'کارکرد اداری'!B:B,0),0),INDEX('کارکرد اداری'!Q:Q,MATCH(D7,'کارکرد اداری'!C:C,0),0))} -> #N/A | O7: =$F$1-$M$1-G7-H7-I7-J7 -> #N/A | P7: =((O7*440+M7*60+N7)-(K7*60-L7))/60 -> #N/A | Q7: {=_xlfn.IFNA(INDEX(نهایی!CW:CW,MATCH(D7,نهایی!B:B,0),0)/60,INDEX(نهایی!CW:CW,MATCH(C7,نهایی!B:B,0),0)/60)} -> 154.66667 | R7: =Q7-P7 -> #N/A | S7: =_xlfn.IFNA(INDEX(نهایی!CX:CX,MATCH(D7,نهایی!B:B,0)),INDEX(نهایی!CX:CX,MATCH(C7,نهایی!B:B,0))) -> 161.70931 | T7: =IF(S7>Q7,"",Q7-S7) | U7: =IF(Q7>S7,"",S7-Q7) -> 7.0426448 | V7: =IF(P7>S7,P7-S7,"") -> #N/A | W7: =IF(P7<S7,S7-P7,"") -> #N/A | X7: =ROUNDDOWN(IF((0.95-S7/P7)>0,(0.95-S7/P7),0)*Q7,0) -> #N/A | Y7: =ROUNDUP((IF(((S7/P7)-0.97)>0,((S7/P7)-0.97),0)*Q7)/1,0) -> #N/A | Z7: =VLOOKUP(C7,نهایی!B:B,1,0) -> 1015 | AA7: =VLOOKUP(D7,نهایی!B:B,1,0) -> 1015
A8: آموزشی | C8: 1163 | D8: 1163 | E8: مهدی بقائی مقدم | G8: =_xlfn.IFNA(_xlfn.XLOOKUP(D8,'کارکرد اداری'!$C$4:$C$204,'کارکرد اداری'!$N$4:$N$204,"0",0),_xlfn.XLOOKUP(C8,'کارکرد اداری'!$C$4:$C$204,'کارکرد اداری'!$N$4:$N$204,"0",0)) -> #N/A | H8: =_xlfn.XLOOKUP(D8,'کارکرد اداری'!$C$4:$C$204,'کارکرد اداری'!$K$4:$K$204,0,1) -> 0 | I8: =_xlfn.XLOOKUP(D8,'کارکرد اداری'!$C$4:$C$204,'کارکرد اداری'!$I$4:$I$204,0,1) -> 0 | J8: {=_xlfn.IFNA(INDEX('کارکرد اداری'!J:J,MATCH(C8,'کارکرد اداری'!B:B,0),0),INDEX('کارکرد اداری'!J:J,MATCH(D8,'کارکرد اداری'!C:C,0),0))} -> #N/A | K8: {=_xlfn.IFNA(INDEX('کارکرد اداری'!R:R,MATCH(C8,'کارکرد اداری'!B:B,0),0),INDEX('کارکرد اداری'!R:R,MATCH(D8,'کارکرد اداری'!C:C,0),0))} -> #N/A | L8: {=_xlfn.IFNA(INDEX('کارکرد اداری'!S:S,MATCH(C8,'کارکرد اداری'!B:B,0),0),INDEX('کارکرد اداری'!S:S,MATCH(D8,'کارکرد اداری'!C:C,0),0))} -> #N/A | M8: {=_xlfn.IFNA(INDEX('کارکرد اداری'!P:P,MATCH(C8,'کارکرد اداری'!B:B,0),0),INDEX('کارکرد اداری'!P:P,MATCH(D8,'کارکرد اداری'!C:C,0),0))} -> #N/A | N8: {=_xlfn.IFNA(INDEX('کارکرد اداری'!Q:Q,MATCH(C8,'کارکرد اداری'!B:B,0),0),INDEX('کارکرد اداری'!Q:Q,MATCH(D8,'کارکرد اداری'!C:C,0),0))} -> #N/A | O8: =$F$1-$M$1-G8-H8-I8-J8 -> #N/A | P8: =((O8*440+M8*60+N8)-(K8*60-L8))/60 -> #N/A | Q8: {=_xlfn.IFNA(INDEX(نهایی!CW:CW,MATCH(D8,نهایی!B:B,0),0)/60,INDEX(نهایی!CW:CW,MATCH(C8,نهایی!B:B,0),0)/60)} -> 139.66667 | R8: =Q8-P8 -> #N/A | S8: =_xlfn.IFNA(INDEX(نهایی!CX:CX,MATCH(D8,نهایی!B:B,0)),INDEX(نهایی!CX:CX,MATCH(C8,نهایی!B:B,0))) -> 145.39582 | T8: =IF(S8>Q8,"",Q8-S8) | U8: =IF(Q8>S8,"",S8-Q8) -> 5.7291486 | V8: =IF(P8>S8,P8-S8,"") -> #N/A | W8: =IF(P8<S8,S8-P8,"") -> #N/A | X8: =ROUNDDOWN(IF((0.95-S8/P8)>0,(0.95-S8/P8),0)*Q8,0) -> #N/A | Y8: =ROUNDUP((IF(((S8/P8)-0.97)>0,((S8/P8)-0.97),0)*Q8)/1,0) -> #N/A | Z8: =VLOOKUP(C8,نهایی!B:B,1,0) -> 1163 | AA8: =VLOOKUP(D8,نهایی!B:B,1,0) -> 1163
C9: =_xlfn.XLOOKUP(D9,'کارکرد اداری'!$C$3:$C$106,'کارکرد اداری'!$B$3:$B$106,0,1) -> 245 | D9: 14275 | E9: مهدی صبوری | G9: =_xlfn.IFNA(_xlfn.XLOOKUP(D9,'کارکرد اداری'!$C$4:$C$204,'کارکرد اداری'!$N$4:$N$204,"0",0),_xlfn.XLOOKUP(C9,'کارکرد اداری'!$C$4:$C$204,'کارکرد اداری'!$N$4:$N$204,"0",0)) -> 0 | H9: =_xlfn.XLOOKUP(D9,'کارکرد اداری'!$C$4:$C$204,'کارکرد اداری'!$K$4:$K$204,0,1) -> 0 | I9: =_xlfn.XLOOKUP(D9,'کارکرد اداری'!$C$4:$C$204,'کارکرد اداری'!$I$4:$I$204,0,1) -> 0 | J9: {=_xlfn.IFNA(INDEX('کارکرد اداری'!J:J,MATCH(C9,'کارکرد اداری'!B:B,0),0),INDEX('کارکرد اداری'!J:J,MATCH(D9,'کارکرد اداری'!C:C,0),0))} -> #N/A | K9: {=_xlfn.IFNA(INDEX('کارکرد اداری'!R:R,MATCH(C9,'کارکرد اداری'!B:B,0),0),INDEX('کارکرد اداری'!R:R,MATCH(D9,'کارکرد اداری'!C:C,0),0))} -> #N/A | L9: {=_xlfn.IFNA(INDEX('کارکرد اداری'!S:S,MATCH(C9,'کارکرد اداری'!B:B,0),0),INDEX('کارکرد اداری'!S:S,MATCH(D9,'کارکرد اداری'!C:C,0),0))} -> #N/A | M9: {=_xlfn.IFNA(INDEX('کارکرد اداری'!P:P,MATCH(C9,'کارکرد اداری'!B:B,0),0),INDEX('کارکرد اداری'!P:P,MATCH(D9,'کارکرد اداری'!C:C,0),0))} -> #N/A | N9: {=_xlfn.IFNA(INDEX('کارکرد اداری'!Q:Q,MATCH(C9,'کارکرد اداری'!B:B,0),0),INDEX('کارکرد اداری'!Q:Q,MATCH(D9,'کارکرد اداری'!C:C,0),0))} -> #N/A | O9: =$F$1-$M$1-G9-H9-I9-J9 -> #N/A | P9: =((O9*440+M9*60+N9)-(K9*60-L9))/60 -> #N/A | Q9: {=_xlfn.IFNA(INDEX(نهایی!CW:CW,MATCH(D9,نهایی!B:B,0),0)/60,INDEX(نهایی!CW:CW,MATCH(C9,نهایی!B:B,0),0)/60)} -> 171.66667 | R9: =Q9-P9 -> #N/A | S9: =_xlfn.IFNA(INDEX(نهایی!CX:CX,MATCH(D9,نهایی!B:B,0)),INDEX(نهایی!CX:CX,MATCH(C9,نهایی!B:B,0))) -> 171.13325 | T9: =IF(S9>Q9,"",Q9-S9) -> 0.53341923 | U9: =IF(Q9>S9,"",S9-Q9) | V9: =IF(P9>S9,P9-S9,"") -> #N/A | W9: =IF(P9<S9,S9-P9,"") -> #N/A | X9: =ROUNDDOWN(IF((0.95-S9/P9)>0,(0.95-S9/P9),0)*Q9,0) -> #N/A | Y9: =ROUNDUP((IF(((S9/P9)-0.97)>0,((S9/P9)-0.97),0)*Q9)/1,0) -> #N/A | Z9: =VLOOKUP(C9,نهایی!B:B,1,0) -> #N/A | AA9: =VLOOKUP(D9,نهایی!B:B,1,0) -> 14275
C10: =_xlfn.XLOOKUP(D10,'کارکرد اداری'!$C$3:$C$106,'کارکرد اداری'!$B$3:$B$106,0,1) -> 1013 | D10: 14760 | E10: فرامرز نظرپور | G10: =_xlfn.IFNA(_xlfn.XLOOKUP(D10,'کارکرد اداری'!$C$4:$C$204,'کارکرد اداری'!$N$4:$N$204,"0",0),_xlfn.XLOOKUP(C10,'کارکرد اداری'!$C$4:$C$204,'کارکرد اداری'!$N$4:$N$204,"0",0)) -> 0 | H10: =_xlfn.XLOOKUP(D10,'کارکرد اداری'!$C$4:$C$204,'کارکرد اداری'!$K$4:$K$204,0,1) -> 0 | I10: =_xlfn.XLOOKUP(D10,'کارکرد اداری'!$C$4:$C$204,'کارکرد اداری'!$I$4:$I$204,0,1) -> 0 | J10: {=_xlfn.IFNA(INDEX('کارکرد اداری'!J:J,MATCH(C10,'کارکرد اداری'!B:B,0),0),INDEX('کارکرد اداری'!J:J,MATCH(D10,'کارکرد اداری'!C:C,0),0))} -> #N/A | K10: {=_xlfn.IFNA(INDEX('کارکرد اداری'!R:R,MATCH(C10,'کارکرد اداری'!B:B,0),0),INDEX('کارکرد اداری'!R:R,MATCH(D10,'کارکرد اداری'!C:C,0),0))} -> #N/A | L10: {=_xlfn.IFNA(INDEX('کارکرد اداری'!S:S,MATCH(C10,'کارکرد اداری'!B:B,0),0),INDEX('کارکرد اداری'!S:S,MATCH(D10,'کارکرد اداری'!C:C,0),0))} -> #N/A | M10: {=_xlfn.IFNA(INDEX('کارکرد اداری'!P:P,MATCH(C10,'کارکرد اداری'!B:B,0),0),INDEX('کارکرد اداری'!P:P,MATCH(D10,'کارکرد اداری'!C:C,0),0))} -> #N/A | N10: {=_xlfn.IFNA(INDEX('کارکرد اداری'!Q:Q,MATCH(C10,'کارکرد اداری'!B:B,0),0),INDEX('کارکرد اداری'!Q:Q,MATCH(D10,'کارکرد اداری'!C:C,0),0))} -> #N/A | O10: =$F$1-$M$1-G10-H10-I10-J10 -> #N/A | P10: =((O10*440+M10*60+N10)-(K10*60-L10))/60 -> #N/A | Q10: {=_xlfn.IFNA(INDEX(نهایی!CW:CW,MATCH(D10,نهایی!B:B,0),0)/60,INDEX(نهایی!CW:CW,MATCH(C10,نهایی!B:B,0),0)/60)} -> 151.5 | R10: =Q10-P10 -> #N/A | S10: =_xlfn.IFNA(INDEX(نهایی!CX:CX,MATCH(D10,نهایی!B:B,0)),INDEX(نهایی!CX:CX,MATCH(C10,نهایی!B:B,0))) -> 158.07805 | T10: =IF(S10>Q10,"",Q10-S10) | U10: =IF(Q10>S10,"",S10-Q10) -> 6.5780482 | V10: =IF(P10>S10,P10-S10,"") -> #N/A | W10: =IF(P10<S10,S10-P10,"") -> #N/A | X10: =ROUNDDOWN(IF((0.95-S10/P10)>0,(0.95-S10/P10),0)*Q10,0) -> #N/A | Y10: =ROUNDUP((IF(((S10/P10)-0.97)>0,((S10/P10)-0.97),0)*Q10)/1,0) -> #N/A | Z10: =VLOOKUP(C10,نهایی!B:B,1,0) -> #N/A | AA10: =VLOOKUP(D10,نهایی!B:B,1,0) -> 14760
C11: =_xlfn.XLOOKUP(D11,'کارکرد اداری'!$C$3:$C$106,'کارکرد اداری'!$B$3:$B$106,0,1) -> 317 | D11: 14331 | E11: فاطمه عالمی | G11: =_xlfn.IFNA(_xlfn.XLOOKUP(D11,'کارکرد اداری'!$C$4:$C$204,'کارکرد اداری'!$N$4:$N$204,"0",0),_xlfn.XLOOKUP(C11,'کارکرد اداری'!$C$4:$C$204,'کارکرد اداری'!$N$4:$N$204,"0",0)) -> 0 | H11: =_xlfn.XLOOKUP(D11,'کارکرد اداری'!$C$4:$C$204,'کارکرد اداری'!$K$4:$K$204,0,1) -> 0 | I11: =_xlfn.XLOOKUP(D11,'کارکرد اداری'!$C$4:$C$204,'کارکرد اداری'!$I$4:$I$204,0,1) -> 0 | J11: {=_xlfn.IFNA(INDEX('کارکرد اداری'!J:J,MATCH(C11,'کارکرد اداری'!B:B,0),0),INDEX('کارکرد اداری'!J:J,MATCH(D11,'کارکرد اداری'!C:C,0),0))} -> #N/A | K11: {=_xlfn.IFNA(INDEX('کارکرد اداری'!R:R,MATCH(C11,'کارکرد اداری'!B:B,0),0),INDEX('کارکرد اداری'!R:R,MATCH(D11,'کارکرد اداری'!C:C,0),0))} -> #N/A | L11: {=_xlfn.IFNA(INDEX('کارکرد اداری'!S:S,MATCH(C11,'کارکرد اداری'!B:B,0),0),INDEX('کارکرد اداری'!S:S,MATCH(D11,'کارکرد اداری'!C:C,0),0))} -> #N/A | M11: {=_xlfn.IFNA(INDEX('کارکرد اداری'!P:P,MATCH(C11,'کارکرد اداری'!B:B,0),0),INDEX('کارکرد اداری'!P:P,MATCH(D11,'کارکرد اداری'!C:C,0),0))} -> #N/A | N11: {=_xlfn.IFNA(INDEX('کارکرد اداری'!Q:Q,MATCH(C11,'کارکرد اداری'!B:B,0),0),INDEX('کارکرد اداری'!Q:Q,MATCH(D11,'کارکرد اداری'!C:C,0),0))} -> #N/A | O11: =$F$1-$M$1-G11-H11-I11-J11 -> #N/A | P11: =((O11*440+M11*60+N11)-(K11*60-L11))/60 -> #N/A | Q11: {=_xlfn.IFNA(INDEX(نهایی!CW:CW,MATCH(D11,نهایی!B:B,0),0)/60,INDEX(نهایی!CW:CW,MATCH(C11,نهایی!B:B,0),0)/60)} -> 166.66667 | R11: =Q11-P11 -> #N/A | S11: =_xlfn.IFNA(INDEX(نهایی!CX:CX,MATCH(D11,نهایی!B:B,0)),INDEX(نهایی!CX:CX,MATCH(C11,نهایی!B:B,0))) -> 170.97268 | T11: =IF(S11>Q11,"",Q11-S11) | U11: =IF(Q11>S11,"",S11-Q11) -> 4.3060174 | V11: =IF(P11>S11,P11-S11,"") -> #N/A | W11: =IF(P11<S11,S11-P11,"") -> #N/A | X11: =ROUNDDOWN(IF((0.95-S11/P11)>0,(0.95-S11/P11),0)*Q11,0) -> #N/A | Y11: =ROUNDUP((IF(((S11/P11)-0.97)>0,((S11/P11)-0.97),0)*Q11)/1,0) -> #N/A | Z11: =VLOOKUP(C11,نهایی!B:B,1,0) -> #N/A | AA11: =VLOOKUP(D11,نهایی!B:B,1,0) -> 14331
A12: تست | C12: =_xlfn.XLOOKUP(D12,'کارکرد اداری'!$C$3:$C$106,'کارکرد اداری'!$B$3:$B$106,0,1) -> 302 | D12: 14323 | E12: علی مرادی | G12: =_xlfn.IFNA(_xlfn.XLOOKUP(D12,'کارکرد اداری'!$C$4:$C$204,'کارکرد اداری'!$N$4:$N$204,"0",0),_xlfn.XLOOKUP(C12,'کارکرد اداری'!$C$4:$C$204,'کارکرد اداری'!$N$4:$N$204,"0",0)) -> 0 | H12: =_xlfn.XLOOKUP(D12,'کارکرد اداری'!$C$4:$C$204,'کارکرد اداری'!$K$4:$K$204,0,1) -> 0 | I12: =_xlfn.XLOOKUP(D12,'کارکرد اداری'!$C$4:$C$204,'کارکرد اداری'!$I$4:$I$204,0,1) -> 0 | J12: {=_xlfn.IFNA(INDEX('کارکرد اداری'!J:J,MATCH(C12,'کارکرد اداری'!B:B,0),0),INDEX('کارکرد اداری'!J:J,MATCH(D12,'کارکرد اداری'!C:C,0),0))} -> #N/A | K12: {=_xlfn.IFNA(INDEX('کارکرد اداری'!R:R,MATCH(C12,'کارکرد اداری'!B:B,0),0),INDEX('کارکرد اداری'!R:R,MATCH(D12,'کارکرد اداری'!C:C,0),0))} -> #N/A | L12: {=_xlfn.IFNA(INDEX('کارکرد اداری'!S:S,MATCH(C12,'کارکرد اداری'!B:B,0),0),INDEX('کارکرد اداری'!S:S,MATCH(D12,'کارکرد اداری'!C:C,0),0))} -> #N/A | M12: {=_xlfn.IFNA(INDEX('کارکرد اداری'!P:P,MATCH(C12,'کارکرد اداری'!B:B,0),0),INDEX('کارکرد اداری'!P:P,MATCH(D12,'کارکرد اداری'!C:C,0),0))} -> #N/A | N12: {=_xlfn.IFNA(INDEX('کارکرد اداری'!Q:Q,MATCH(C12,'کارکرد اداری'!B:B,0),0),INDEX('کارکرد اداری'!Q:Q,MATCH(D12,'کارکرد اداری'!C:C,0),0))} -> #N/A | O12: =$F$1-$M$1-G12-H12-I12-J12 -> #N/A | P12: =((O12*440+M12*60+N12)-(K12*60-L12))/60 -> #N/A | Q12: {=_xlfn.IFNA(INDEX(نهایی!CW:CW,MATCH(D12,نهایی!B:B,0),0)/60,INDEX(نهایی!CW:CW,MATCH(C12,نهایی!B:B,0),0)/60)} -> 135.33333 | R12: =Q12-P12 -> #N/A | S12: =_xlfn.IFNA(INDEX(نهایی!CX:CX,MATCH(D12,نهایی!B:B,0)),INDEX(نهایی!CX:CX,MATCH(C12,نهایی!B:B,0))) -> 140.80058 | T12: =IF(S12>Q12,"",Q12-S12) | U12: =IF(Q12>S12,"",S12-Q12) -> 5.4672424 | V12: =IF(P12>S12,P12-S12,"") -> #N/A | W12: =IF(P12<S12,S12-P12,"") -> #N/A | X12: =ROUNDDOWN(IF((0.95-S12/P12)>0,(0.95-S12/P12),0)*Q12,0) -> #N/A | Y12: =ROUNDUP((IF(((S12/P12)-0.97)>0,((S12/P12)-0.97),0)*Q12)/1,0) -> #N/A | Z12: =VLOOKUP(C12,نهایی!B:B,1,0) -> #N/A | AA12: =VLOOKUP(D12,نهایی!B:B,1,0) -> 14323
A13: تست | C13: =_xlfn.XLOOKUP(D13,'کارکرد اداری'!$C$3:$C$106,'کارکرد اداری'!$B$3:$B$106,0,1) -> 784 | D13: 14650 | E13: علیرضا زاهدی اره کمر | G13: =_xlfn.IFNA(_xlfn.XLOOKUP(D13,'کارکرد اداری'!$C$4:$C$204,'کارکرد اداری'!$N$4:$N$204,"0",0),_xlfn.XLOOKUP(C13,'کارکرد اداری'!$C$4:$C$204,'کارکرد اداری'!$N$4:$N$204,"0",0)) -> 0 | H13: =_xlfn.XLOOKUP(D13,'کارکرد اداری'!$C$4:$C$204,'کارکرد اداری'!$K$4:$K$204,0,1) -> 0 | I13: =_xlfn.XLOOKUP(D13,'کارکرد اداری'!$C$4:$C$204,'کارکرد اداری'!$I$4:$I$204,0,1) -> 0 | J13: {=_xlfn.IFNA(INDEX('کارکرد اداری'!J:J,MATCH(C13,'کارکرد اداری'!B:B,0),0),INDEX('کارکرد اداری'!J:J,MATCH(D13,'کارکرد اداری'!C:C,0),0))} -> #N/A | K13: {=_xlfn.IFNA(INDEX('کارکرد اداری'!R:R,MATCH(C13,'کارکرد اداری'!B:B,0),0),INDEX('کارکرد اداری'!R:R,MATCH(D13,'کارکرد اداری'!C:C,0),0))} -> #N/A | L13: {=_xlfn.IFNA(INDEX('کارکرد اداری'!S:S,MATCH(C13,'کارکرد اداری'!B:B,0),0),INDEX('کارکرد اداری'!S:S,MATCH(D13,'کارکرد اداری'!C:C,0),0))} -> #N/A | M13: {=_xlfn.IFNA(INDEX('کارکرد اداری'!P:P,MATCH(C13,'کارکرد اداری'!B:B,0),0),INDEX('کارکرد اداری'!P:P,MATCH(D13,'کارکرد اداری'!C:C,0),0))} -> #N/A | N13: {=_xlfn.IFNA(INDEX('کارکرد اداری'!Q:Q,MATCH(C13,'کارکرد اداری'!B:B,0),0),INDEX('کارکرد اداری'!Q:Q,MATCH(D13,'کارکرد اداری'!C:C,0),0))} -> #N/A | O13: =$F$1-$M$1-G13-H13-I13-J13 -> #N/A | P13: =((O13*440+M13*60+N13)-(K13*60-L13))/60 -> #N/A | Q13: {=_xlfn.IFNA(INDEX(نهایی!CW:CW,MATCH(D13,نهایی!B:B,0),0)/60,INDEX(نهایی!CW:CW,MATCH(C13,نهایی!B:B,0),0)/60)} -> 131.33333 | R13: =Q13-P13 -> #N/A | S13: =_xlfn.IFNA(INDEX(نهایی!CX:CX,MATCH(D13,نهایی!B:B,0)),INDEX(نهایی!CX:CX,MATCH(C13,نهایی!B:B,0))) -> 135.97037 | T13: =IF(S13>Q13,"",Q13-S13) | U13: =IF(Q13>S13,"",S13-Q13) -> 4.6370354 | V13: =IF(P13>S13,P13-S13,"") -> #N/A | W13: =IF(P13<S13,S13-P13,"") -> #N/A | X13: =ROUNDDOWN(IF((0.95-S13/P13)>0,(0.95-S13/P13),0)*Q13,0) -> #N/A | Y13: =ROUNDUP((IF(((S13/P13)-0.97)>0,((S13/P13)-0.97),0)*Q13)/1,0) -> #N/A | Z13: =VLOOKUP(C13,نهایی!B:B,1,0) -> 784 | AA13: =VLOOKUP(D13,نهایی!B:B,1,0) -> #N/A
C14: =_xlfn.XLOOKUP(D14,'کارکرد اداری'!$C$3:$C$106,'کارکرد اداری'!$B$3:$B$106,0,1) -> 628 | D14: 14554 | E14: الناز فرخی جعفرآبادی | G14: =_xlfn.IFNA(_xlfn.XLOOKUP(D14,'کارکرد اداری'!$C$4:$C$204,'کارکرد اداری'!$N$4:$N$204,"0",0),_xlfn.XLOOKUP(C14,'کارکرد اداری'!$C$4:$C$204,'کارکرد اداری'!$N$4:$N$204,"0",0)) -> 0 | H14: =_xlfn.XLOOKUP(D14,'کارکرد اداری'!$C$4:$C$204,'کارکرد اداری'!$K$4:$K$204,0,1) -> 0 | I14: =_xlfn.XLOOKUP(D14,'کارکرد اداری'!$C$4:$C$204,'کارکرد اداری'!$I$4:$I$204,0,1) -> 0 | J14: {=_xlfn.IFNA(INDEX('کارکرد اداری'!J:J,MATCH(C14,'کارکرد اداری'!B:B,0),0),INDEX('کارکرد اداری'!J:J,MATCH(D14,'کارکرد اداری'!C:C,0),0))} -> #N/A | K14: {=_xlfn.IFNA(INDEX('کارکرد اداری'!R:R,MATCH(C14,'کارکرد اداری'!B:B,0),0),INDEX('کارکرد اداری'!R:R,MATCH(D14,'کارکرد اداری'!C:C,0),0))} -> #N/A | L14: {=_xlfn.IFNA(INDEX('کارکرد اداری'!S:S,MATCH(C14,'کارکرد اداری'!B:B,0),0),INDEX('کارکرد اداری'!S:S,MATCH(D14,'کارکرد اداری'!C:C,0),0))} -> #N/A | M14: {=_xlfn.IFNA(INDEX('کارکرد اداری'!P:P,MATCH(C14,'کارکرد اداری'!B:B,0),0),INDEX('کارکرد اداری'!P:P,MATCH(D14,'کارکرد اداری'!C:C,0),0))} -> #N/A | N14: {=_xlfn.IFNA(INDEX('کارکرد اداری'!Q:Q,MATCH(C14,'کارکرد اداری'!B:B,0),0),INDEX('کارکرد اداری'!Q:Q,MATCH(D14,'کارکرد اداری'!C:C,0),0))} -> #N/A | O14: =$F$1-$M$1-G14-H14-I14-J14 -> #N/A | P14: =((O14*440+M14*60+N14)-(K14*60-L14))/60 -> #N/A | Q14: {=_xlfn.IFNA(INDEX(نهایی!CW:CW,MATCH(D14,نهایی!B:B,0),0)/60,INDEX(نهایی!CW:CW,MATCH(C14,نهایی!B:B,0),0)/60)} -> 147 | R14: =Q14-P14 -> #N/A | S14: =_xlfn.IFNA(INDEX(نهایی!CX:CX,MATCH(D14,نهایی!B:B,0)),INDEX(نهایی!CX:CX,MATCH(C14,نهایی!B:B,0))) -> 152.61754 | T14: =IF(S14>Q14,"",Q14-S14) | U14: =IF(Q14>S14,"",S14-Q14) -> 5.6175445 | V14: =IF(P14>S14,P14-S14,"") -> #N/A | W14: =IF(P14<S14,S14-P14,"") -> #N/A | X14: =ROUNDDOWN(IF((0.95-S14/P14)>0,(0.95-S14/P14),0)*Q14,0) -> #N/A | Y14: =ROUNDUP((IF(((S14/P14)-0.97)>0,((S14/P14)-0.97),0)*Q14)/1,0) -> #N/A | Z14: =VLOOKUP(C14,نهایی!B:B,1,0) -> #N/A | AA14: =VLOOKUP(D14,نهایی!B:B,1,0) -> 14554
C15: =_xlfn.XLOOKUP(D15,'کارکرد اداری'!$C$3:$C$106,'کارکرد اداری'!$B$3:$B$106,0,1) -> 960 | D15: 14739 | E15: عبیر البوغبیش | G15: =_xlfn.IFNA(_xlfn.XLOOKUP(D15,'کارکرد اداری'!$C$4:$C$204,'کارکرد اداری'!$N$4:$N$204,"0",0),_xlfn.XLOOKUP(C15,'کارکرد اداری'!$C$4:$C$204,'کارکرد اداری'!$N$4:$N$204,"0",0)) -> 0 | H15: =_xlfn.XLOOKUP(D15,'کارکرد اداری'!$C$4:$C$204,'کارکرد اداری'!$K$4:$K$204,0,1) -> 0 | I15: =_xlfn.XLOOKUP(D15,'کارکرد اداری'!$C$4:$C$204,'کارکرد اداری'!$I$4:$I$204,0,1) -> 0 | J15: {=_xlfn.IFNA(INDEX('کارکرد اداری'!J:J,MATCH(C15,'کارکرد اداری'!B:B,0),0),INDEX('کارکرد اداری'!J:J,MATCH(D15,'کارکرد اداری'!C:C,0),0))} -> #N/A | K15: {=_xlfn.IFNA(INDEX('کارکرد اداری'!R:R,MATCH(C15,'کارکرد اداری'!B:B,0),0),INDEX('کارکرد اداری'!R:R,MATCH(D15,'کارکرد اداری'!C:C,0),0))} -> #N/A | L15: {=_xlfn.IFNA(INDEX('کارکرد اداری'!S:S,MATCH(C15,'کارکرد اداری'!B:B,0),0),INDEX('کارکرد اداری'!S:S,MATCH(D15,'کارکرد اداری'!C:C,0),0))} -> #N/A | M15: {=_xlfn.IFNA(INDEX('کارکرد اداری'!P:P,MATCH(C15,'کارکرد اداری'!B:B,0),0),INDEX('کارکرد اداری'!P:P,MATCH(D15,'کارکرد اداری'!C:C,0),0))} -> #N/A | N15: {=_xlfn.IFNA(INDEX('کارکرد اداری'!Q:Q,MATCH(C15,'کارکرد اداری'!B:B,0),0),INDEX('کارکرد اداری'!Q:Q,MATCH(D15,'کارکرد اداری'!C:C,0),0))} -> #N/A | O15: =$F$1-$M$1-G15-H15-I15-J15 -> #N/A | P15: =((O15*440+M15*60+N15)-(K15*60-L15))/60 -> #N/A | Q15: {=_xlfn.IFNA(INDEX(نهایی!CW:CW,MATCH(D15,نهایی!B:B,0),0)/60,INDEX(نهایی!CW:CW,MATCH(C15,نهایی!B:B,0),0)/60)} -> 156.33333 | R15: =Q15-P15 -> #N/A | S15: =_xlfn.IFNA(INDEX(نهایی!CX:CX,MATCH(D15,نهایی!B:B,0)),INDEX(نهایی!CX:CX,MATCH(C15,نهایی!B:B,0))) -> 160.12519 | T15: =IF(S15>Q15,"",Q15-S15) | U15: =IF(Q15>S15,"",S15-Q15) -> 3.7918552 | V15: =IF(P15>S15,P15-S15,"") -> #N/A | W15: =IF(P15<S15,S15-P15,"") -> #N/A | X15: =ROUNDDOWN(IF((0.95-S15/P15)>0,(0.95-S15/P15),0)*Q15,0) -> #N/A | Y15: =ROUNDUP((IF(((S15/P15)-0.97)>0,((S15/P15)-0.97),0)*Q15)/1,0) -> #N/A | Z15: =VLOOKUP(C15,نهایی!B:B,1,0) -> #N/A | AA15: =VLOOKUP(D15,نهایی!B:B,1,0) -> 14739
A16: آموزشی | C16: =_xlfn.XLOOKUP(D16,'کارکرد اداری'!$C$3:$C$106,'کارکرد اداری'!$B$3:$B$106,0,1) -> 1144 | D16: 14919 | E16: جمال عربیان قره تکان | G16: =_xlfn.IFNA(_xlfn.XLOOKUP(D16,'کارکرد اداری'!$C$4:$C$204,'کارکرد اداری'!$N$4:$N$204,"0",0),_xlfn.XLOOKUP(C16,'کارکرد اداری'!$C$4:$C$204,'کارکرد اداری'!$N$4:$N$204,"0",0)) -> 0 | H16: =_xlfn.XLOOKUP(D16,'کارکرد اداری'!$C$4:$C$204,'کارکرد اداری'!$K$4:$K$204,0,1) -> 0 | I16: =_xlfn.XLOOKUP(D16,'کارکرد اداری'!$C$4:$C$204,'کارکرد اداری'!$I$4:$I$204,0,1) -> 0 | J16: {=_xlfn.IFNA(INDEX('کارکرد اداری'!J:J,MATCH(C16,'کارکرد اداری'!B:B,0),0),INDEX('کارکرد اداری'!J:J,MATCH(D16,'کارکرد اداری'!C:C,0),0))} -> #N/A | K16: {=_xlfn.IFNA(INDEX('کارکرد اداری'!R:R,MATCH(C16,'کارکرد اداری'!B:B,0),0),INDEX('کارکرد اداری'!R:R,MATCH(D16,'کارکرد اداری'!C:C,0),0))} -> #N/A | L16: {=_xlfn.IFNA(INDEX('کارکرد اداری'!S:S,MATCH(C16,'کارکرد اداری'!B:B,0),0),INDEX('کارکرد اداری'!S:S,MATCH(D16,'کارکرد اداری'!C:C,0),0))} -> #N/A | M16: {=_xlfn.IFNA(INDEX('کارکرد اداری'!P:P,MATCH(C16,'کارکرد اداری'!B:B,0),0),INDEX('کارکرد اداری'!P:P,MATCH(D16,'کارکرد اداری'!C:C,0),0))} -> #N/A | N16: {=_xlfn.IFNA(INDEX('کارکرد اداری'!Q:Q,MATCH(C16,'کارکرد اداری'!B:B,0),0),INDEX('کارکرد اداری'!Q:Q,MATCH(D16,'کارکرد اداری'!C:C,0),0))} -> #N/A | O16: =$F$1-$M$1-G16-H16-I16-J16 -> #N/A | P16: =((O16*440+M16*60+N16)-(K16*60-L16))/60 -> #N/A | Q16: {=_xlfn.IFNA(INDEX(نهایی!CW:CW,MATCH(D16,نهایی!B:B,0),0)/60,INDEX(نهایی!CW:CW,MATCH(C16,نهایی!B:B,0),0)/60)} -> 141.83333 | R16: =Q16-P16 -> #N/A | S16: =_xlfn.IFNA(INDEX(نهایی!CX:CX,MATCH(D16,نهایی!B:B,0)),INDEX(نهایی!CX:CX,MATCH(C16,نهایی!B:B,0))) -> 144.92544 | T16: =IF(S16>Q16,"",Q16-S16) | U16: =IF(Q16>S16,"",S16-Q16) -> 3.0921078 | V16: =IF(P16>S16,P16-S16,"") -> #N/A | W16: =IF(P16<S16,S16-P16,"") -> #N/A | X16: =ROUNDDOWN(IF((0.95-S16/P16)>0,(0.95-S16/P16),0)*Q16,0) -> #N/A | Y16: =ROUNDUP((IF(((S16/P16)-0.97)>0,((S16/P16)-0.97),0)*Q16)/1,0) -> #N/A | Z16: =VLOOKUP(C16,نهایی!B:B,1,0) -> 1144 | AA16: =VLOOKUP(D16,نهایی!B:B,1,0) -> #N/A
C17: =_xlfn.XLOOKUP(D17,'کارکرد اداری'!$C$3:$C$106,'کارکرد اداری'!$B$3:$B$106,0,1) -> 1121 | D17: 14900 | E17: حیدر براهولیان | G17: =_xlfn.IFNA(_xlfn.XLOOKUP(D17,'کارکرد اداری'!$C$4:$C$204,'کارکرد اداری'!$N$4:$N$204,"0",0),_xlfn.XLOOKUP(C17,'کارکرد اداری'!$C$4:$C$204,'کارکرد اداری'!$N$4:$N$204,"0",0)) -> 0 | H17: =_xlfn.XLOOKUP(D17,'کارکرد اداری'!$C$4:$C$204,'کارکرد اداری'!$K$4:$K$204,0,1) -> 0 | I17: =_xlfn.XLOOKUP(D17,'کارکرد اداری'!$C$4:$C$204,'کارکرد اداری'!$I$4:$I$204,0,1) -> 0 | J17: {=_xlfn.IFNA(INDEX('کارکرد اداری'!J:J,MATCH(C17,'کارکرد اداری'!B:B,0),0),INDEX('کارکرد اداری'!J:J,MATCH(D17,'کارکرد اداری'!C:C,0),0))} -> #N/A | K17: {=_xlfn.IFNA(INDEX('کارکرد اداری'!R:R,MATCH(C17,'کارکرد اداری'!B:B,0),0),INDEX('کارکرد اداری'!R:R,MATCH(D17,'کارکرد اداری'!C:C,0),0))} -> #N/A | L17: {=_xlfn.IFNA(INDEX('کارکرد اداری'!S:S,MATCH(C17,'کارکرد اداری'!B:B,0),0),INDEX('کارکرد اداری'!S:S,MATCH(D17,'کارکرد اداری'!C:C,0),0))} -> #N/A | M17: {=_xlfn.IFNA(INDEX('کارکرد اداری'!P:P,MATCH(C17,'کارکرد اداری'!B:B,0),0),INDEX('کارکرد اداری'!P:P,MATCH(D17,'کارکرد اداری'!C:C,0),0))} -> #N/A | N17: {=_xlfn.IFNA(INDEX('کارکرد اداری'!Q:Q,MATCH(C17,'کارکرد اداری'!B:B,0),0),INDEX('کارکرد اداری'!Q:Q,MATCH(D17,'کارکرد اداری'!C:C,0),0))} -> #N/A | O17: =$F$1-$M$1-G17-H17-I17-J17 -> #N/A | P17: =((O17*440+M17*60+N17)-(K17*60-L17))/60 -> #N/A | Q17: {=_xlfn.IFNA(INDEX(نهایی!CW:CW,MATCH(D17,نهایی!B:B,0),0)/60,INDEX(نهایی!CW:CW,MATCH(C17,نهایی!B:B,0),0)/60)} -> 102.33333 | R17: =Q17-P17 -> #N/A | S17: =_xlfn.IFNA(INDEX(نهایی!CX:CX,MATCH(D17,نهایی!B:B,0)),INDEX(نهایی!CX:CX,MATCH(C17,نهایی!B:B,0))) -> 106.72285 | T17: =IF(S17>Q17,"",Q17-S17) | U17: =IF(Q17>S17,"",S17-Q17) -> 4.3895208 | V17: =IF(P17>S17,P17-S17,"") -> #N/A | W17: =IF(P17<S17,S17-P17,"") -> #N/A | X17: =ROUNDDOWN(IF((0.95-S17/P17)>0,(0.95-S17/P17),0)*Q17,0) -> #N/A | Y17: =ROUNDUP((IF(((S17/P17)-0.97)>0,((S17/P17)-0.97),0)*Q17)/1,0) -> #N/A | Z17: =VLOOKUP(C17,نهایی!B:B,1,0) -> 1121 | AA17: =VLOOKUP(D17,نهایی!B:B,1,0) -> #N/A
B18: فیوز | C18: =_xlfn.XLOOKUP(D18,'کارکرد اداری'!$C$3:$C$106,'کارکرد اداری'!$B$3:$B$106,0,1) -> 291 | D18: 14304 | E18: مصطفی فتحی پور | G18: =_xlfn.IFNA(_xlfn.XLOOKUP(D18,'کارکرد اداری'!$C$4:$C$204,'کارکرد اداری'!$N$4:$N$204,"0",0),_xlfn.XLOOKUP(C18,'کارکرد اداری'!$C$4:$C$204,'کارکرد اداری'!$N$4:$N$204,"0",0)) -> 0 | H18: =_xlfn.XLOOKUP(D18,'کارکرد اداری'!$C$4:$C$204,'کارکرد اداری'!$K$4:$K$204,0,1) -> 0 | I18: =_xlfn.XLOOKUP(D18,'کارکرد اداری'!$C$4:$C$204,'کارکرد اداری'!$I$4:$I$204,0,1) -> 0 | J18: {=_xlfn.IFNA(INDEX('کارکرد اداری'!J:J,MATCH(C18,'کارکرد اداری'!B:B,0),0),INDEX('کارکرد اداری'!J:J,MATCH(D18,'کارکرد اداری'!C:C,0),0))} -> #N/A | K18: {=_xlfn.IFNA(INDEX('کارکرد اداری'!R:R,MATCH(C18,'کارکرد اداری'!B:B,0),0),INDEX('کارکرد اداری'!R:R,MATCH(D18,'کارکرد اداری'!C:C,0),0))} -> #N/A | L18: {=_xlfn.IFNA(INDEX('کارکرد اداری'!S:S,MATCH(C18,'کارکرد اداری'!B:B,0),0),INDEX('کارکرد اداری'!S:S,MATCH(D18,'کارکرد اداری'!C:C,0),0))} -> #N/A | M18: {=_xlfn.IFNA(INDEX('کارکرد اداری'!P:P,MATCH(C18,'کارکرد اداری'!B:B,0),0),INDEX('کارکرد اداری'!P:P,MATCH(D18,'کارکرد اداری'!C:C,0),0))} -> #N/A | N18: {=_xlfn.IFNA(INDEX('کارکرد اداری'!Q:Q,MATCH(C18,'کارکرد اداری'!B:B,0),0),INDEX('کارکرد اداری'!Q:Q,MATCH(D18,'کارکرد اداری'!C:C,0),0))} -> #N/A | O18: =$F$1-$M$1-G18-H18-I18-J18 -> #N/A | P18: =((O18*440+M18*60+N18)-(K18*60-L18))/60 -> #N/A | Q18: {=_xlfn.IFNA(INDEX(نهایی!CW:CW,MATCH(D18,نهایی!B:B,0),0)/60,INDEX(نهایی!CW:CW,MATCH(C18,نهایی!B:B,0),0)/60)} -> 148.83333 | R18: =Q18-P18 -> #N/A | S18: =_xlfn.IFNA(INDEX(نهایی!CX:CX,MATCH(D18,نهایی!B:B,0)),INDEX(نهایی!CX:CX,MATCH(C18,نهایی!B:B,0))) -> 151.07704 | T18: =IF(S18>Q18,"",Q18-S18) | U18: =IF(Q18>S18,"",S18-Q18) -> 2.2437098 | V18: =IF(P18>S18,P18-S18,"") -> #N/A | W18: =IF(P18<S18,S18-P18,"") -> #N/A | X18: =ROUNDDOWN(IF((0.95-S18/P18)>0,(0.95-S18/P18),0)*Q18,0) -> #N/A | Y18: =ROUNDUP((IF(((S18/P18)-0.97)>0,((S18/P18)-0.97),0)*Q18)/1,0) -> #N/A | Z18: =VLOOKUP(C18,نهایی!B:B,1,0) -> #N/A | AA18: =VLOOKUP(D18,نهایی!B:B,1,0) -> 14304
A19: تست | C19: =_xlfn.XLOOKUP(D19,'کارکرد اداری'!$C$3:$C$106,'کارکرد اداری'!$B$3:$B$106,0,1) -> 1066 | D19: 14865 | E19: صادق نوروزیان یدکی | G19: =_xlfn.IFNA(_xlfn.XLOOKUP(D19,'کارکرد اداری'!$C$4:$C$204,'کارکرد اداری'!$N$4:$N$204,"0",0),_xlfn.XLOOKUP(C19,'کارکرد اداری'!$C$4:$C$204,'کارکرد اداری'!$N$4:$N$204,"0",0)) -> 0 | H19: =_xlfn.XLOOKUP(D19,'کارکرد اداری'!$C$4:$C$204,'کارکرد اداری'!$K$4:$K$204,0,1) -> 0 | I19: =_xlfn.XLOOKUP(D19,'کارکرد اداری'!$C$4:$C$204,'کارکرد اداری'!$I$4:$I$204,0,1) -> 0 | J19: {=_xlfn.IFNA(INDEX('کارکرد اداری'!J:J,MATCH(C19,'کارکرد اداری'!B:B,0),0),INDEX('کارکرد اداری'!J:J,MATCH(D19,'کارکرد اداری'!C:C,0),0))} -> #N/A | K19: {=_xlfn.IFNA(INDEX('کارکرد اداری'!R:R,MATCH(C19,'کارکرد اداری'!B:B,0),0),INDEX('کارکرد اداری'!R:R,MATCH(D19,'کارکرد اداری'!C:C,0),0))} -> #N/A | L19: {=_xlfn.IFNA(INDEX('کارکرد اداری'!S:S,MATCH(C19,'کارکرد اداری'!B:B,0),0),INDEX('کارکرد اداری'!S:S,MATCH(D19,'کارکرد اداری'!C:C,0),0))} -> #N/A | M19: {=_xlfn.IFNA(INDEX('کارکرد اداری'!P:P,MATCH(C19,'کارکرد اداری'!B:B,0),0),INDEX('کارکرد اداری'!P:P,MATCH(D19,'کارکرد اداری'!C:C,0),0))} -> #N/A | N19: {=_xlfn.IFNA(INDEX('کارکرد اداری'!Q:Q,MATCH(C19,'کارکرد اداری'!B:B,0),0),INDEX('کارکرد اداری'!Q:Q,MATCH(D19,'کارکرد اداری'!C:C,0),0))} -> #N/A | O19: =$F$1-$M$1-G19-H19-I19-J19 -> #N/A | P19: =((O19*440+M19*60+N19)-(K19*60-L19))/60 -> #N/A | Q19: {=_xlfn.IFNA(INDEX(نهایی!CW:CW,MATCH(D19,نهایی!B:B,0),0)/60,INDEX(نهایی!CW:CW,MATCH(C19,نهایی!B:B,0),0)/60)} -> 129.33333 | R19: =Q19-P19 -> #N/A | S19: =_xlfn.IFNA(INDEX(نهایی!CX:CX,MATCH(D19,نهایی!B:B,0)),INDEX(نهایی!CX:CX,MATCH(C19,نهایی!B:B,0))) -> 131.40934 | T19: =IF(S19>Q19,"",Q19-S19) | U19: =IF(Q19>S19,"",S19-Q19) -> 2.0760069 | V19: =IF(P19>S19,P19-S19,"") -> #N/A | W19: =IF(P19<S19,S19-P19,"") -> #N/A | X19: =ROUNDDOWN(IF((0.95-S19/P19)>0,(0.95-S19/P19),0)*Q19,0) -> #N/A | Y19: =ROUNDUP((IF(((S19/P19)-0.97)>0,((S19/P19)-0.97),0)*Q19)/1,0) -> #N/A | Z19: =VLOOKUP(C19,نهایی!B:B,1,0) -> 1066 | AA19: =VLOOKUP(D19,نهایی!B:B,1,0) -> #N/A
C20: =_xlfn.XLOOKUP(D20,'کارکرد اداری'!$C$3:$C$106,'کارکرد اداری'!$B$3:$B$106,0,1) -> 326 | D20: 14340 | E20: رضا جعفرپور قله زو | G20: =_xlfn.IFNA(_xlfn.XLOOKUP(D20,'کارکرد اداری'!$C$4:$C$204,'کارکرد اداری'!$N$4:$N$204,"0",0),_xlfn.XLOOKUP(C20,'کارکرد اداری'!$C$4:$C$204,'کارکرد اداری'!$N$4:$N$204,"0",0)) -> 0 | H20: =_xlfn.XLOOKUP(D20,'کارکرد اداری'!$C$4:$C$204,'کارکرد اداری'!$K$4:$K$204,0,1) -> 0 | I20: =_xlfn.XLOOKUP(D20,'کارکرد اداری'!$C$4:$C$204,'کارکرد اداری'!$I$4:$I$204,0,1) -> 0 | J20: {=_xlfn.IFNA(INDEX('کارکرد اداری'!J:J,MATCH(C20,'کارکرد اداری'!B:B,0),0),INDEX('کارکرد اداری'!J:J,MATCH(D20,'کارکرد اداری'!C:C,0),0))} -> #N/A | K20: {=_xlfn.IFNA(INDEX('کارکرد اداری'!R:R,MATCH(C20,'کارکرد اداری'!B:B,0),0),INDEX('کارکرد اداری'!R:R,MATCH(D20,'کارکرد اداری'!C:C,0),0))} -> #N/A | L20: {=_xlfn.IFNA(INDEX('کارکرد اداری'!S:S,MATCH(C20,'کارکرد اداری'!B:B,0),0),INDEX('کارکرد اداری'!S:S,MATCH(D20,'کارکرد اداری'!C:C,0),0))} -> #N/A | M20: {=_xlfn.IFNA(INDEX('کارکرد اداری'!P:P,MATCH(C20,'کارکرد اداری'!B:B,0),0),INDEX('کارکرد اداری'!P:P,MATCH(D20,'کارکرد اداری'!C:C,0),0))} -> #N/A | N20: {=_xlfn.IFNA(INDEX('کارکرد اداری'!Q:Q,MATCH(C20,'کارکرد اداری'!B:B,0),0),INDEX('کارکرد اداری'!Q:Q,MATCH(D20,'کارکرد اداری'!C:C,0),0))} -> #N/A | O20: =$F$1-$M$1-G20-H20-I20-J20 -> #N/A | P20: =((O20*440+M20*60+N20)-(K20*60-L20))/60 -> #N/A | Q20: {=_xlfn.IFNA(INDEX(نهایی!CW:CW,MATCH(D20,نهایی!B:B,0),0)/60,INDEX(نهایی!CW:CW,MATCH(C20,نهایی!B:B,0),0)/60)} -> 147.33333 | R20: =Q20-P20 -> #N/A | S20: =_xlfn.IFNA(INDEX(نهایی!CX:CX,MATCH(D20,نهایی!B:B,0)),INDEX(نهایی!CX:CX,MATCH(C20,نهایی!B:B,0))) -> 149.587 | T20: =IF(S20>Q20,"",Q20-S20) | U20: =IF(Q20>S20,"",S20-Q20) -> 2.2536672 | V20: =IF(P20>S20,P20-S20,"") -> #N/A | W20: =IF(P20<S20,S20-P20,"") -> #N/A | X20: =ROUNDDOWN(IF((0.95-S20/P20)>0,(0.95-S20/P20),0)*Q20,0) -> #N/A | Y20: =ROUNDUP((IF(((S20/P20)-0.97)>0,((S20/P20)-0.97),0)*Q20)/1,0) -> #N/A | Z20: =VLOOKUP(C20,نهایی!B:B,1,0) -> #N/A | AA20: =VLOOKUP(D20,نهایی!B:B,1,0) -> 14340
C21: =_xlfn.XLOOKUP(D21,'کارکرد اداری'!$C$3:$C$106,'کارکرد اداری'!$B$3:$B$106,0,1) -> 920 | D21: 14718 | E21: مهدی خانلری ملکشاه | G21: =_xlfn.IFNA(_xlfn.XLOOKUP(D21,'کارکرد اداری'!$C$4:$C$204,'کارکرد اداری'!$N$4:$N$204,"0",0),_xlfn.XLOOKUP(C21,'کارکرد اداری'!$C$4:$C$204,'کارکرد اداری'!$N$4:$N$204,"0",0)) -> 0 | H21: =_xlfn.XLOOKUP(D21,'کارکرد اداری'!$C$4:$C$204,'کارکرد اداری'!$K$4:$K$204,0,1) -> 0 | I21: =_xlfn.XLOOKUP(D21,'کارکرد اداری'!$C$4:$C$204,'کارکرد اداری'!$I$4:$I$204,0,1) -> 0 | J21: {=_xlfn.IFNA(INDEX('کارکرد اداری'!J:J,MATCH(C21,'کارکرد اداری'!B:B,0),0),INDEX('کارکرد اداری'!J:J,MATCH(D21,'کارکرد اداری'!C:C,0),0))} -> #N/A | K21: {=_xlfn.IFNA(INDEX('کارکرد اداری'!R:R,MATCH(C21,'کارکرد اداری'!B:B,0),0),INDEX('کارکرد اداری'!R:R,MATCH(D21,'کارکرد اداری'!C:C,0),0))} -> #N/A | L21: {=_xlfn.IFNA(INDEX('کارکرد اداری'!S:S,MATCH(C21,'کارکرد اداری'!B:B,0),0),INDEX('کارکرد اداری'!S:S,MATCH(D21,'کارکرد اداری'!C:C,0),0))} -> #N/A | M21: {=_xlfn.IFNA(INDEX('کارکرد اداری'!P:P,MATCH(C21,'کارکرد اداری'!B:B,0),0),INDEX('کارکرد اداری'!P:P,MATCH(D21,'کارکرد اداری'!C:C,0),0))} -> #N/A | N21: {=_xlfn.IFNA(INDEX('کارکرد اداری'!Q:Q,MATCH(C21,'کارکرد اداری'!B:B,0),0),INDEX('کارکرد اداری'!Q:Q,MATCH(D21,'کارکرد اداری'!C:C,0),0))} -> #N/A | O21: =$F$1-$M$1-G21-H21-I21-J21 -> #N/A | P21: =((O21*440+M21*60+N21)-(K21*60-L21))/60 -> #N/A | Q21: {=_xlfn.IFNA(INDEX(نهایی!CW:CW,MATCH(D21,نهایی!B:B,0),0)/60,INDEX(نهایی!CW:CW,MATCH(C21,نهایی!B:B,0),0)/60)} -> 147.33333 | R21: =Q21-P21 -> #N/A | S21: =_xlfn.IFNA(INDEX(نهایی!CX:CX,MATCH(D21,نهایی!B:B,0)),INDEX(نهایی!CX:CX,MATCH(C21,نهایی!B:B,0))) -> 149.12389 | T21: =IF(S21>Q21,"",Q21-S21) | U21: =IF(Q21>S21,"",S21-Q21) -> 1.7905605 | V21: =IF(P21>S21,P21-S21,"") -> #N/A | W21: =IF(P21<S21,S21-P21,"") -> #N/A | X21: =ROUNDDOWN(IF((0.95-S21/P21)>0,(0.95-S21/P21),0)*Q21,0) -> #N/A | Y21: =ROUNDUP((IF(((S21/P21)-0.97)>0,((S21/P21)-0.97),0)*Q21)/1,0) -> #N/A | Z21: =VLOOKUP(C21,نهایی!B:B,1,0) -> #N/A | AA21: =VLOOKUP(D21,نهایی!B:B,1,0) -> 14718
A22: خدمات پس از فروش | C22: =_xlfn.XLOOKUP(D22,'کارکرد اداری'!$C$3:$C$106,'کارکرد اداری'!$B$3:$B$106,0,1) -> 709 | D22: 14140 | E22: مرضیه تقوی | G22: =_xlfn.IFNA(_xlfn.XLOOKUP(D22,'کارکرد اداری'!$C$4:$C$204,'کارکرد اداری'!$N$4:$N$204,"0",0),_xlfn.XLOOKUP(C22,'کارکرد اداری'!$C$4:$C$204,'کارکرد اداری'!$N$4:$N$204,"0",0)) -> 0 | H22: =_xlfn.XLOOKUP(D22,'کارکرد اداری'!$C$4:$C$204,'کارکرد اداری'!$K$4:$K$204,0,1) -> 0 | I22: =_xlfn.XLOOKUP(D22,'کارکرد اداری'!$C$4:$C$204,'کارکرد اداری'!$I$4:$I$204,0,1) -> 0 | J22: {=_xlfn.IFNA(INDEX('کارکرد اداری'!J:J,MATCH(C22,'کارکرد اداری'!B:B,0),0),INDEX('کارکرد اداری'!J:J,MATCH(D22,'کارکرد اداری'!C:C,0),0))} -> #N/A | K22: {=_xlfn.IFNA(INDEX('کارکرد اداری'!R:R,MATCH(C22,'کارکرد اداری'!B:B,0),0),INDEX('کارکرد اداری'!R:R,MATCH(D22,'کارکرد اداری'!C:C,0),0))} -> #N/A | L22: {=_xlfn.IFNA(INDEX('کارکرد اداری'!S:S,MATCH(C22,'کارکرد اداری'!B:B,0),0),INDEX('کارکرد اداری'!S:S,MATCH(D22,'کارکرد اداری'!C:C,0),0))} -> #N/A | M22: {=_xlfn.IFNA(INDEX('کارکرد اداری'!P:P,MATCH(C22,'کارکرد اداری'!B:B,0),0),INDEX('کارکرد اداری'!P:P,MATCH(D22,'کارکرد اداری'!C:C,0),0))} -> #N/A | N22: {=_xlfn.IFNA(INDEX('کارکرد اداری'!Q:Q,MATCH(C22,'کارکرد اداری'!B:B,0),0),INDEX('کارکرد اداری'!Q:Q,MATCH(D22,'کارکرد اداری'!C:C,0),0))} -> #N/A | O22: =$F$1-$M$1-G22-H22-I22-J22 -> #N/A | P22: =((O22*440+M22*60+N22)-(K22*60-L22))/60 -> #N/A | Q22: {=_xlfn.IFNA(INDEX(نهایی!CW:CW,MATCH(D22,نهایی!B:B,0),0)/60,INDEX(نهایی!CW:CW,MATCH(C22,نهایی!B:B,0),0)/60)} -> 178.33333 | R22: =Q22-P22 -> #N/A | S22: =_xlfn.IFNA(INDEX(نهایی!CX:CX,MATCH(D22,نهایی!B:B,0)),INDEX(نهایی!CX:CX,MATCH(C22,نهایی!B:B,0))) -> 179.30392 | T22: =IF(S22>Q22,"",Q22-S22) | U22: =IF(Q22>S22,"",S22-Q22) -> 0.97058824 | V22: =IF(P22>S22,P22-S22,"") -> #N/A | W22: =IF(P22<S22,S22-P22,"") -> #N/A | X22: =ROUNDDOWN(IF((0.95-S22/P22)>0,(0.95-S22/P22),0)*Q22,0) -> #N/A | Y22: =ROUNDUP((IF(((S22/P22)-0.97)>0,((S22/P22)-0.97),0)*Q22)/1,0) -> #N/A | Z22: =VLOOKUP(C22,نهایی!B:B,1,0) -> #N/A | AA22: =VLOOKUP(D22,نهایی!B:B,1,0) -> 14140
C23: =_xlfn.XLOOKUP(D23,'کارکرد اداری'!$C$3:$C$106,'کارکرد اداری'!$B$3:$B$106,0,1) -> 106 | D23: 14226 | E23: فاطمه نیکوی دولت آبادی | G23: =_xlfn.IFNA(_xlfn.XLOOKUP(D23,'کارکرد اداری'!$C$4:$C$204,'کارکرد اداری'!$N$4:$N$204,"0",0),_xlfn.XLOOKUP(C23,'کارکرد اداری'!$C$4:$C$204,'کارکرد اداری'!$N$4:$N$204,"0",0)) -> 0 | H23: =_xlfn.XLOOKUP(D23,'کارکرد اداری'!$C$4:$C$204,'کارکرد اداری'!$K$4:$K$204,0,1) -> 0 | I23: =_xlfn.XLOOKUP(D23,'کارکرد اداری'!$C$4:$C$204,'کارکرد اداری'!$I$4:$I$204,0,1) -> 0 | J23: {=_xlfn.IFNA(INDEX('کارکرد اداری'!J:J,MATCH(C23,'کارکرد اداری'!B:B,0),0),INDEX('کارکرد اداری'!J:J,MATCH(D23,'کارکرد اداری'!C:C,0),0))} -> #N/A | K23: {=_xlfn.IFNA(INDEX('کارکرد اداری'!R:R,MATCH(C23,'کارکرد اداری'!B:B,0),0),INDEX('کارکرد اداری'!R:R,MATCH(D23,'کارکرد اداری'!C:C,0),0))} -> #N/A | L23: {=_xlfn.IFNA(INDEX('کارکرد اداری'!S:S,MATCH(C23,'کارکرد اداری'!B:B,0),0),INDEX('کارکرد اداری'!S:S,MATCH(D23,'کارکرد اداری'!C:C,0),0))} -> #N/A | M23: {=_xlfn.IFNA(INDEX('کارکرد اداری'!P:P,MATCH(C23,'کارکرد اداری'!B:B,0),0),INDEX('کارکرد اداری'!P:P,MATCH(D23,'کارکرد اداری'!C:C,0),0))} -> #N/A | N23: {=_xlfn.IFNA(INDEX('کارکرد اداری'!Q:Q,MATCH(C23,'کارکرد اداری'!B:B,0),0),INDEX('کارکرد اداری'!Q:Q,MATCH(D23,'کارکرد اداری'!C:C,0),0))} -> #N/A | O23: =$F$1-$M$1-G23-H23-I23-J23 -> #N/A | P23: =((O23*440+M23*60+N23)-(K23*60-L23))/60 -> #N/A | Q23: {=_xlfn.IFNA(INDEX(نهایی!CW:CW,MATCH(D23,نهایی!B:B,0),0)/60,INDEX(نهایی!CW:CW,MATCH(C23,نهایی!B:B,0),0)/60)} -> 160.66667 | R23: =Q23-P23 -> #N/A | S23: =_xlfn.IFNA(INDEX(نهایی!CX:CX,MATCH(D23,نهایی!B:B,0)),INDEX(نهایی!CX:CX,MATCH(C23,نهایی!B:B,0))) -> 162.17728 | T23: =IF(S23>Q23,"",Q23-S23) | U23: =IF(Q23>S23,"",S23-Q23) -> 1.510612 | V23: =IF(P23>S23,P23-S23,"") -> #N/A | W23: =IF(P23<S23,S23-P23,"") -> #N/A | X23: =ROUNDDOWN(IF((0.95-S23/P23)>0,(0.95-S23/P23),0)*Q23,0) -> #N/A | Y23: =ROUNDUP((IF(((S23/P23)-0.97)>0,((S23/P23)-0.97),0)*Q23)/1,0) -> #N/A | Z23: =VLOOKUP(C23,نهایی!B:B,1,0) -> #N/A | AA23: =VLOOKUP(D23,نهایی!B:B,1,0) -> 14226
C24: =_xlfn.XLOOKUP(D24,'کارکرد اداری'!$C$3:$C$106,'کارکرد اداری'!$B$3:$B$106,0,1) -> 178 | D24: 14231 | E24: میترا اسکندریان | G24: =_xlfn.IFNA(_xlfn.XLOOKUP(D24,'کارکرد اداری'!$C$4:$C$204,'کارکرد اداری'!$N$4:$N$204,"0",0),_xlfn.XLOOKUP(C24,'کارکرد اداری'!$C$4:$C$204,'کارکرد اداری'!$N$4:$N$204,"0",0)) -> 0 | H24: =_xlfn.XLOOKUP(D24,'کارکرد اداری'!$C$4:$C$204,'کارکرد اداری'!$K$4:$K$204,0,1) -> 0 | I24: =_xlfn.XLOOKUP(D24,'کارکرد اداری'!$C$4:$C$204,'کارکرد اداری'!$I$4:$I$204,0,1) -> 0 | J24: {=_xlfn.IFNA(INDEX('کارکرد اداری'!J:J,MATCH(C24,'کارکرد اداری'!B:B,0),0),INDEX('کارکرد اداری'!J:J,MATCH(D24,'کارکرد اداری'!C:C,0),0))} -> #N/A | K24: {=_xlfn.IFNA(INDEX('کارکرد اداری'!R:R,MATCH(C24,'کارکرد اداری'!B:B,0),0),INDEX('کارکرد اداری'!R:R,MATCH(D24,'کارکرد اداری'!C:C,0),0))} -> #N/A | L24: {=_xlfn.IFNA(INDEX('کارکرد اداری'!S:S,MATCH(C24,'کارکرد اداری'!B:B,0),0),INDEX('کارکرد اداری'!S:S,MATCH(D24,'کارکرد اداری'!C:C,0),0))} -> #N/A | M24: {=_xlfn.IFNA(INDEX('کارکرد اداری'!P:P,MATCH(C24,'کارکرد اداری'!B:B,0),0),INDEX('کارکرد اداری'!P:P,MATCH(D24,'کارکرد اداری'!C:C,0),0))} -> #N/A | N24: {=_xlfn.IFNA(INDEX('کارکرد اداری'!Q:Q,MATCH(C24,'کارکرد اداری'!B:B,0),0),INDEX('کارکرد اداری'!Q:Q,MATCH(D24,'کارکرد اداری'!C:C,0),0))} -> #N/A | O24: =$F$1-$M$1-G24-H24-I24-J24 -> #N/A | P24: =((O24*440+M24*60+N24)-(K24*60-L24))/60 -> #N/A | Q24: {=_xlfn.IFNA(INDEX(نهایی!CW:CW,MATCH(D24,نهایی!B:B,0),0)/60,INDEX(نهایی!CW:CW,MATCH(C24,نهایی!B:B,0),0)/60)} -> 125 | R24: =Q24-P24 -> #N/A | S24: =_xlfn.IFNA(INDEX(نهایی!CX:CX,MATCH(D24,نهایی!B:B,0)),INDEX(نهایی!CX:CX,MATCH(C24,نهایی!B:B,0))) -> 127.99465 | T24: =IF(S24>Q24,"",Q24-S24) | U24: =IF(Q24>S24,"",S24-Q24) -> 2.994653 | V24: =IF(P24>S24,P24-S24,"") -> #N/A | W24: =IF(P24<S24,S24-P24,"") -> #N/A | X24: =ROUNDDOWN(IF((0.95-S24/P24)>0,(0.95-S24/P24),0)*Q24,0) -> #N/A | Y24: =ROUNDUP((IF(((S24/P24)-0.97)>0,((S24/P24)-0.97),0)*Q24)/1,0) -> #N/A | Z24: =VLOOKUP(C24,نهایی!B:B,1,0) -> #N/A | AA24: =VLOOKUP(D24,نهایی!B:B,1,0) -> 14231
C25: =_xlfn.XLOOKUP(D25,'کارکرد اداری'!$C$3:$C$106,'کارکرد اداری'!$B$3:$B$106,0,1) -> 887 | D25: 14703 | E25: سیدمحمدحسین شایسته فرد | G25: =_xlfn.IFNA(_xlfn.XLOOKUP(D25,'کارکرد اداری'!$C$4:$C$204,'کارکرد اداری'!$N$4:$N$204,"0",0),_xlfn.XLOOKUP(C25,'کارکرد اداری'!$C$4:$C$204,'کارکرد اداری'!$N$4:$N$204,"0",0)) -> 0 | H25: =_xlfn.XLOOKUP(D25,'کارکرد اداری'!$C$4:$C$204,'کارکرد اداری'!$K$4:$K$204,0,1) -> 0 | I25: =_xlfn.XLOOKUP(D25,'کارکرد اداری'!$C$4:$C$204,'کارکرد اداری'!$I$4:$I$204,0,1) -> 0 | J25: {=_xlfn.IFNA(INDEX('کارکرد اداری'!J:J,MATCH(C25,'کارکرد اداری'!B:B,0),0),INDEX('کارکرد اداری'!J:J,MATCH(D25,'کارکرد اداری'!C:C,0),0))} -> #N/A | K25: {=_xlfn.IFNA(INDEX('کارکرد اداری'!R:R,MATCH(C25,'کارکرد اداری'!B:B,0),0),INDEX('کارکرد اداری'!R:R,MATCH(D25,'کارکرد اداری'!C:C,0),0))} -> #N/A | L25: {=_xlfn.IFNA(INDEX('کارکرد اداری'!S:S,MATCH(C25,'کارکرد اداری'!B:B,0),0),INDEX('کارکرد اداری'!S:S,MATCH(D25,'کارکرد اداری'!C:C,0),0))} -> #N/A | M25: {=_xlfn.IFNA(INDEX('کارکرد اداری'!P:P,MATCH(C25,'کارکرد اداری'!B:B,0),0),INDEX('کارکرد اداری'!P:P,MATCH(D25,'کارکرد اداری'!C:C,0),0))} -> #N/A | N25: {=_xlfn.IFNA(INDEX('کارکرد اداری'!Q:Q,MATCH(C25,'کارکرد اداری'!B:B,0),0),INDEX('کارکرد اداری'!Q:Q,MATCH(D25,'کارکرد اداری'!C:C,0),0))} -> #N/A | O25: =$F$1-$M$1-G25-H25-I25-J25 -> #N/A | P25: =((O25*440+M25*60+N25)-(K25*60-L25))/60 -> #N/A | Q25: {=_xlfn.IFNA(INDEX(نهایی!CW:CW,MATCH(D25,نهایی!B:B,0),0)/60,INDEX(نهایی!CW:CW,MATCH(C25,نهایی!B:B,0),0)/60)} -> 160.66667 | R25: =Q25-P25 -> #N/A | S25: =_xlfn.IFNA(INDEX(نهایی!CX:CX,MATCH(D25,نهایی!B:B,0)),INDEX(نهایی!CX:CX,MATCH(C25,نهایی!B:B,0))) -> 161.07559 | T25: =IF(S25>Q25,"",Q25-S25) | U25: =IF(Q25>S25,"",S25-Q25) -> 0.40891867 | V25: =IF(P25>S25,P25-S25,"") -> #N/A | W25: =IF(P25<S25,S25-P25,"") -> #N/A | X25: =ROUNDDOWN(IF((0.95-S25/P25)>0,(0.95-S25/P25),0)*Q25,0) -> #N/A | Y25: =ROUNDUP((IF(((S25/P25)-0.97)>0,((S25/P25)-0.97),0)*Q25)/1,0) -> #N/A | Z25: =VLOOKUP(C25,نهایی!B:B,1,0) -> #N/A | AA25: =VLOOKUP(D25,نهایی!B:B,1,0) -> 14703
C26: =_xlfn.XLOOKUP(D26,'کارکرد اداری'!$C$3:$C$106,'کارکرد اداری'!$B$3:$B$106,0,1) -> 1134 | D26: 14905 | E26: اعظم ثابتی | G26: =_xlfn.IFNA(_xlfn.XLOOKUP(D26,'کارکرد اداری'!$C$4:$C$204,'کارکرد اداری'!$N$4:$N$204,"0",0),_xlfn.XLOOKUP(C26,'کارکرد اداری'!$C$4:$C$204,'کارکرد اداری'!$N$4:$N$204,"0",0)) -> 0 | H26: =_xlfn.XLOOKUP(D26,'کارکرد اداری'!$C$4:$C$204,'کارکرد اداری'!$K$4:$K$204,0,1) -> 0 | I26: =_xlfn.XLOOKUP(D26,'کارکرد اداری'!$C$4:$C$204,'کارکرد اداری'!$I$4:$I$204,0,1) -> 0 | J26: {=_xlfn.IFNA(INDEX('کارکرد اداری'!J:J,MATCH(C26,'کارکرد اداری'!B:B,0),0),INDEX('کارکرد اداری'!J:J,MATCH(D26,'کارکرد اداری'!C:C,0),0))} -> #N/A | K26: {=_xlfn.IFNA(INDEX('کارکرد اداری'!R:R,MATCH(C26,'کارکرد اداری'!B:B,0),0),INDEX('کارکرد اداری'!R:R,MATCH(D26,'کارکرد اداری'!C:C,0),0))} -> #N/A | L26: {=_xlfn.IFNA(INDEX('کارکرد اداری'!S:S,MATCH(C26,'کارکرد اداری'!B:B,0),0),INDEX('کارکرد اداری'!S:S,MATCH(D26,'کارکرد اداری'!C:C,0),0))} -> #N/A | M26: {=_xlfn.IFNA(INDEX('کارکرد اداری'!P:P,MATCH(C26,'کارکرد اداری'!B:B,0),0),INDEX('کارکرد اداری'!P:P,MATCH(D26,'کارکرد اداری'!C:C,0),0))} -> #N/A | N26: {=_xlfn.IFNA(INDEX('کارکرد اداری'!Q:Q,MATCH(C26,'کارکرد اداری'!B:B,0),0),INDEX('کارکرد اداری'!Q:Q,MATCH(D26,'کارکرد اداری'!C:C,0),0))} -> #N/A | O26: =$F$1-$M$1-G26-H26-I26-J26 -> #N/A | P26: =((O26*440+M26*60+N26)-(K26*60-L26))/60 -> #N/A | Q26: {=_xlfn.IFNA(INDEX(نهایی!CW:CW,MATCH(D26,نهایی!B:B,0),0)/60,INDEX(نهایی!CW:CW,MATCH(C26,نهایی!B:B,0),0)/60)} -> 112 | R26: =Q26-P26 -> #N/A | S26: =_xlfn.IFNA(INDEX(نهایی!CX:CX,MATCH(D26,نهایی!B:B,0)),INDEX(نهایی!CX:CX,MATCH(C26,نهایی!B:B,0))) -> 114.38273 | T26: =IF(S26>Q26,"",Q26-S26) | U26: =IF(Q26>S26,"",S26-Q26) -> 2.3827311 | V26: =IF(P26>S26,P26-S26,"") -> #N/A | W26: =IF(P26<S26,S26-P26,"") -> #N/A | X26: =ROUNDDOWN(IF((0.95-S26/P26)>0,(0.95-S26/P26),0)*Q26,0) -> #N/A | Y26: =ROUNDUP((IF(((S26/P26)-0.97)>0,((S26/P26)-0.97),0)*Q26)/1,0) -> #N/A | Z26: =VLOOKUP(C26,نهایی!B:B,1,0) -> 1134 | AA26: =VLOOKUP(D26,نهایی!B:B,1,0) -> #N/A
C27: =_xlfn.XLOOKUP(D27,'کارکرد اداری'!$C$3:$C$106,'کارکرد اداری'!$B$3:$B$106,0,1) -> 1087 | D27: 1087 | E27: سجاد امامی کلاته | G27: =_xlfn.IFNA(_xlfn.XLOOKUP(D27,'کارکرد اداری'!$C$4:$C$204,'کارکرد اداری'!$N$4:$N$204,"0",0),_xlfn.XLOOKUP(C27,'کارکرد اداری'!$C$4:$C$204,'کارکرد اداری'!$N$4:$N$204,"0",0)) -> #N/A | H27: =_xlfn.XLOOKUP(D27,'کارکرد اداری'!$C$4:$C$204,'کارکرد اداری'!$K$4:$K$204,0,1) -> 0 | I27: =_xlfn.XLOOKUP(D27,'کارکرد اداری'!$C$4:$C$204,'کارکرد اداری'!$I$4:$I$204,0,1) -> 0 | J27: {=_xlfn.IFNA(INDEX('کارکرد اداری'!J:J,MATCH(C27,'کارکرد اداری'!B:B,0),0),INDEX('کارکرد اداری'!J:J,MATCH(D27,'کارکرد اداری'!C:C,0),0))} -> #N/A | K27: {=_xlfn.IFNA(INDEX('کارکرد اداری'!R:R,MATCH(C27,'کارکرد اداری'!B:B,0),0),INDEX('کارکرد اداری'!R:R,MATCH(D27,'کارکرد اداری'!C:C,0),0))} -> #N/A | L27: {=_xlfn.IFNA(INDEX('کارکرد اداری'!S:S,MATCH(C27,'کارکرد اداری'!B:B,0),0),INDEX('کارکرد اداری'!S:S,MATCH(D27,'کارکرد اداری'!C:C,0),0))} -> #N/A | M27: {=_xlfn.IFNA(INDEX('کارکرد اداری'!P:P,MATCH(C27,'کارکرد اداری'!B:B,0),0),INDEX('کارکرد اداری'!P:P,MATCH(D27,'کارکرد اداری'!C:C,0),0))} -> #N/A | N27: {=_xlfn.IFNA(INDEX('کارکرد اداری'!Q:Q,MATCH(C27,'کارکرد اداری'!B:B,0),0),INDEX('کارکرد اداری'!Q:Q,MATCH(D27,'کارکرد اداری'!C:C,0),0))} -> #N/A | O27: =$F$1-$M$1-G27-H27-I27-J27 -> #N/A | P27: =((O27*440+M27*60+N27)-(K27*60-L27))/60 -> #N/A | Q27: {=_xlfn.IFNA(INDEX(نهایی!CW:CW,MATCH(D27,نهایی!B:B,0),0)/60,INDEX(نهایی!CW:CW,MATCH(C27,نهایی!B:B,0),0)/60)} -> 107.33333 | R27: =Q27-P27 -> #N/A | S27: =_xlfn.IFNA(INDEX(نهایی!CX:CX,MATCH(D27,نهایی!B:B,0)),INDEX(نهایی!CX:CX,MATCH(C27,نهایی!B:B,0))) -> 109.06192 | T27: =IF(S27>Q27,"",Q27-S27) | U27: =IF(Q27>S27,"",S27-Q27) -> 1.728583 | V27: =IF(P27>S27,P27-S27,"") -> #N/A | W27: =IF(P27<S27,S27-P27,"") -> #N/A | X27: =ROUNDDOWN(IF((0.95-S27/P27)>0,(0.95-S27/P27),0)*Q27,0) -> #N/A | Y27: =ROUNDUP((IF(((S27/P27)-0.97)>0,((S27/P27)-0.97),0)*Q27)/1,0) -> #N/A | Z27: =VLOOKUP(C27,نهایی!B:B,1,0) -> 1087 | AA27: =VLOOKUP(D27,نهایی!B:B,1,0) -> 1087
C28: =_xlfn.XLOOKUP(D28,'کارکرد اداری'!$C$3:$C$106,'کارکرد اداری'!$B$3:$B$106,0,1) -> 310 | D28: 14328 | E28: محمد رضا احمدی | G28: =_xlfn.IFNA(_xlfn.XLOOKUP(D28,'کارکرد اداری'!$C$4:$C$204,'کارکرد اداری'!$N$4:$N$204,"0",0),_xlfn.XLOOKUP(C28,'کارکرد اداری'!$C$4:$C$204,'کارکرد اداری'!$N$4:$N$204,"0",0)) -> 0 | H28: =_xlfn.XLOOKUP(D28,'کارکرد اداری'!$C$4:$C$204,'کارکرد اداری'!$K$4:$K$204,0,1) -> 0 | I28: =_xlfn.XLOOKUP(D28,'کارکرد اداری'!$C$4:$C$204,'کارکرد اداری'!$I$4:$I$204,0,1) -> 0 | J28: {=_xlfn.IFNA(INDEX('کارکرد اداری'!J:J,MATCH(C28,'کارکرد اداری'!B:B,0),0),INDEX('کارکرد اداری'!J:J,MATCH(D28,'کارکرد اداری'!C:C,0),0))} -> #N/A | K28: {=_xlfn.IFNA(INDEX('کارکرد اداری'!R:R,MATCH(C28,'کارکرد اداری'!B:B,0),0),INDEX('کارکرد اداری'!R:R,MATCH(D28,'کارکرد اداری'!C:C,0),0))} -> #N/A | L28: {=_xlfn.IFNA(INDEX('کارکرد اداری'!S:S,MATCH(C28,'کارکرد اداری'!B:B,0),0),INDEX('کارکرد اداری'!S:S,MATCH(D28,'کارکرد اداری'!C:C,0),0))} -> #N/A | M28: {=_xlfn.IFNA(INDEX('کارکرد اداری'!P:P,MATCH(C28,'کارکرد اداری'!B:B,0),0),INDEX('کارکرد اداری'!P:P,MATCH(D28,'کارکرد اداری'!C:C,0),0))} -> #N/A | N28: {=_xlfn.IFNA(INDEX('کارکرد اداری'!Q:Q,MATCH(C28,'کارکرد اداری'!B:B,0),0),INDEX('کارکرد اداری'!Q:Q,MATCH(D28,'کارکرد اداری'!C:C,0),0))} -> #N/A | O28: =$F$1-$M$1-G28-H28-I28-J28 -> #N/A | P28: =((O28*440+M28*60+N28)-(K28*60-L28))/60 -> #N/A | Q28: {=_xlfn.IFNA(INDEX(نهایی!CW:CW,MATCH(D28,نهایی!B:B,0),0)/60,INDEX(نهایی!CW:CW,MATCH(C28,نهایی!B:B,0),0)/60)} -> 127.5 | R28: =Q28-P28 -> #N/A | S28: =_xlfn.IFNA(INDEX(نهایی!CX:CX,MATCH(D28,نهایی!B:B,0)),INDEX(نهایی!CX:CX,MATCH(C28,نهایی!B:B,0))) -> 128.85208 | T28: =IF(S28>Q28,"",Q28-S28) | U28: =IF(Q28>S28,"",S28-Q28) -> 1.3520807 | V28: =IF(P28>S28,P28-S28,"") -> #N/A | W28: =IF(P28<S28,S28-P28,"") -> #N/A | X28: =ROUNDDOWN(IF((0.95-S28/P28)>0,(0.95-S28/P28),0)*Q28,0) -> #N/A | Y28: =ROUNDUP((IF(((S28/P28)-0.97)>0,((S28/P28)-0.97),0)*Q28)/1,0) -> #N/A | Z28: =VLOOKUP(C28,نهایی!B:B,1,0) -> #N/A | AA28: =VLOOKUP(D28,نهایی!B:B,1,0) -> 14328
C29: 1159 | D29: 1159 | E29: رضا شاهد | G29: =_xlfn.IFNA(_xlfn.XLOOKUP(D29,'کارکرد اداری'!$C$4:$C$204,'کارکرد اداری'!$N$4:$N$204,"0",0),_xlfn.XLOOKUP(C29,'کارکرد اداری'!$C$4:$C$204,'کارکرد اداری'!$N$4:$N$204,"0",0)) -> #N/A | H29: =_xlfn.XLOOKUP(D29,'کارکرد اداری'!$C$4:$C$204,'کارکرد اداری'!$K$4:$K$204,0,1) -> 0 | I29: =_xlfn.XLOOKUP(D29,'کارکرد اداری'!$C$4:$C$204,'کارکرد اداری'!$I$4:$I$204,0,1) -> 0 | J29: {=_xlfn.IFNA(INDEX('کارکرد اداری'!J:J,MATCH(C29,'کارکرد اداری'!B:B,0),0),INDEX('کارکرد اداری'!J:J,MATCH(D29,'کارکرد اداری'!C:C,0),0))} -> #N/A | K29: {=_xlfn.IFNA(INDEX('کارکرد اداری'!R:R,MATCH(C29,'کارکرد اداری'!B:B,0),0),INDEX('کارکرد اداری'!R:R,MATCH(D29,'کارکرد اداری'!C:C,0),0))} -> #N/A | L29: {=_xlfn.IFNA(INDEX('کارکرد اداری'!S:S,MATCH(C29,'کارکرد اداری'!B:B,0),0),INDEX('کارکرد اداری'!S:S,MATCH(D29,'کارکرد اداری'!C:C,0),0))} -> #N/A | M29: {=_xlfn.IFNA(INDEX('کارکرد اداری'!P:P,MATCH(C29,'کارکرد اداری'!B:B,0),0),INDEX('کارکرد اداری'!P:P,MATCH(D29,'کارکرد اداری'!C:C,0),0))} -> #N/A | N29: {=_xlfn.IFNA(INDEX('کارکرد اداری'!Q:Q,MATCH(C29,'کارکرد اداری'!B:B,0),0),INDEX('کارکرد اداری'!Q:Q,MATCH(D29,'کارکرد اداری'!C:C,0),0))} -> #N/A | O29: =$F$1-$M$1-G29-H29-I29-J29 -> #N/A | P29: =((O29*440+M29*60+N29)-(K29*60-L29))/60 -> #N/A | Q29: {=_xlfn.IFNA(INDEX(نهایی!CW:CW,MATCH(D29,نهایی!B:B,0),0)/60,INDEX(نهایی!CW:CW,MATCH(C29,نهایی!B:B,0),0)/60)} -> 163.66667 | R29: =Q29-P29 -> #N/A | S29: =_xlfn.IFNA(INDEX(نهایی!CX:CX,MATCH(D29,نهایی!B:B,0)),INDEX(نهایی!CX:CX,MATCH(C29,نهایی!B:B,0))) -> 163.95169 | T29: =IF(S29>Q29,"",Q29-S29) | U29: =IF(Q29>S29,"",S29-Q29) -> 0.28502318 | V29: =IF(P29>S29,P29-S29,"") -> #N/A | W29: =IF(P29<S29,S29-P29,"") -> #N/A | X29: =ROUNDDOWN(IF((0.95-S29/P29)>0,(0.95-S29/P29),0)*Q29,0) -> #N/A | Y29: =ROUNDUP((IF(((S29/P29)-0.97)>0,((S29/P29)-0.97),0)*Q29)/1,0) -> #N/A | Z29: =VLOOKUP(C29,نهایی!B:B,1,0) -> 1159 | AA29: =VLOOKUP(D29,نهایی!B:B,1,0) -> 1159
C30: =_xlfn.XLOOKUP(D30,'کارکرد اداری'!$C$3:$C$106,'کارکرد اداری'!$B$3:$B$106,0,1) -> 1126 | D30: 14907 | E30: محمد سراج زاده | G30: =_xlfn.IFNA(_xlfn.XLOOKUP(D30,'کارکرد اداری'!$C$4:$C$204,'کارکرد اداری'!$N$4:$N$204,"0",0),_xlfn.XLOOKUP(C30,'کارکرد اداری'!$C$4:$C$204,'کارکرد اداری'!$N$4:$N$204,"0",0)) -> 0 | H30: =_xlfn.XLOOKUP(D30,'کارکرد اداری'!$C$4:$C$204,'کارکرد اداری'!$K$4:$K$204,0,1) -> 0 | I30: =_xlfn.XLOOKUP(D30,'کارکرد اداری'!$C$4:$C$204,'کارکرد اداری'!$I$4:$I$204,0,1) -> 0 | J30: {=_xlfn.IFNA(INDEX('کارکرد اداری'!J:J,MATCH(C30,'کارکرد اداری'!B:B,0),0),INDEX('کارکرد اداری'!J:J,MATCH(D30,'کارکرد اداری'!C:C,0),0))} -> #N/A | K30: {=_xlfn.IFNA(INDEX('کارکرد اداری'!R:R,MATCH(C30,'کارکرد اداری'!B:B,0),0),INDEX('کارکرد اداری'!R:R,MATCH(D30,'کارکرد اداری'!C:C,0),0))} -> #N/A | L30: {=_xlfn.IFNA(INDEX('کارکرد اداری'!S:S,MATCH(C30,'کارکرد اداری'!B:B,0),0),INDEX('کارکرد اداری'!S:S,MATCH(D30,'کارکرد اداری'!C:C,0),0))} -> #N/A | M30: {=_xlfn.IFNA(INDEX('کارکرد اداری'!P:P,MATCH(C30,'کارکرد اداری'!B:B,0),0),INDEX('کارکرد اداری'!P:P,MATCH(D30,'کارکرد اداری'!C:C,0),0))} -> #N/A | N30: {=_xlfn.IFNA(INDEX('کارکرد اداری'!Q:Q,MATCH(C30,'کارکرد اداری'!B:B,0),0),INDEX('کارکرد اداری'!Q:Q,MATCH(D30,'کارکرد اداری'!C:C,0),0))} -> #N/A | O30: =$F$1-$M$1-G30-H30-I30-J30 -> #N/A | P30: =((O30*440+M30*60+N30)-(K30*60-L30))/60 -> #N/A | Q30: {=_xlfn.IFNA(INDEX(نهایی!CW:CW,MATCH(D30,نهایی!B:B,0),0)/60,INDEX(نهایی!CW:CW,MATCH(C30,نهایی!B:B,0),0)/60)} -> 129.33333 | R30: =Q30-P30 -> #N/A | S30: =_xlfn.IFNA(INDEX(نهایی!CX:CX,MATCH(D30,نهایی!B:B,0)),INDEX(نهایی!CX:CX,MATCH(C30,نهایی!B:B,0))) -> 130.88385 | T30: =IF(S30>Q30,"",Q30-S30) | U30: =IF(Q30>S30,"",S30-Q30) -> 1.550515 | V30: =IF(P30>S30,P30-S30,"") -> #N/A | W30: =IF(P30<S30,S30-P30,"") -> #N/A | X30: =ROUNDDOWN(IF((0.95-S30/P30)>0,(0.95-S30/P30),0)*Q30,0) -> #N/A | Y30: =ROUNDUP((IF(((S30/P30)-0.97)>0,((S30/P30)-0.97),0)*Q30)/1,0) -> #N/A | Z30: =VLOOKUP(C30,نهایی!B:B,1,0) -> 1126 | AA30: =VLOOKUP(D30,نهایی!B:B,1,0) -> #N/A
A31: تست | C31: =_xlfn.XLOOKUP(D31,'کارکرد اداری'!$C$3:$C$106,'کارکرد اداری'!$B$3:$B$106,0,1) -> 1068 | D31: 14866 | E31: مجید صالحی نیا | G31: =_xlfn.IFNA(_xlfn.XLOOKUP(D31,'کارکرد اداری'!$C$4:$C$204,'کارکرد اداری'!$N$4:$N$204,"0",0),_xlfn.XLOOKUP(C31,'کارکرد اداری'!$C$4:$C$204,'کارکرد اداری'!$N$4:$N$204,"0",0)) -> 0 | H31: =_xlfn.XLOOKUP(D31,'کارکرد اداری'!$C$4:$C$204,'کارکرد اداری'!$K$4:$K$204,0,1) -> 0 | I31: =_xlfn.XLOOKUP(D31,'کارکرد اداری'!$C$4:$C$204,'کارکرد اداری'!$I$4:$I$204,0,1) -> 0 | J31: {=_xlfn.IFNA(INDEX('کارکرد اداری'!J:J,MATCH(C31,'کارکرد اداری'!B:B,0),0),INDEX('کارکرد اداری'!J:J,MATCH(D31,'کارکرد اداری'!C:C,0),0))} -> #N/A | K31: {=_xlfn.IFNA(INDEX('کارکرد اداری'!R:R,MATCH(C31,'کارکرد اداری'!B:B,0),0),INDEX('کارکرد اداری'!R:R,MATCH(D31,'کارکرد اداری'!C:C,0),0))} -> #N/A | L31: {=_xlfn.IFNA(INDEX('کارکرد اداری'!S:S,MATCH(C31,'کارکرد اداری'!B:B,0),0),INDEX('کارکرد اداری'!S:S,MATCH(D31,'کارکرد اداری'!C:C,0),0))} -> #N/A | M31: {=_xlfn.IFNA(INDEX('کارکرد اداری'!P:P,MATCH(C31,'کارکرد اداری'!B:B,0),0),INDEX('کارکرد اداری'!P:P,MATCH(D31,'کارکرد اداری'!C:C,0),0))} -> #N/A | N31: {=_xlfn.IFNA(INDEX('کارکرد اداری'!Q:Q,MATCH(C31,'کارکرد اداری'!B:B,0),0),INDEX('کارکرد اداری'!Q:Q,MATCH(D31,'کارکرد اداری'!C:C,0),0))} -> #N/A | O31: =$F$1-$M$1-G31-H31-I31-J31 -> #N/A | P31: =((O31*440+M31*60+N31)-(K31*60-L31))/60 -> #N/A | Q31: {=_xlfn.IFNA(INDEX(نهایی!CW:CW,MATCH(D31,نهایی!B:B,0),0)/60,INDEX(نهایی!CW:CW,MATCH(C31,نهایی!B:B,0),0)/60)} -> 144 | R31: =Q31-P31 -> #N/A | S31: =_xlfn.IFNA(INDEX(نهایی!CX:CX,MATCH(D31,نهایی!B:B,0)),INDEX(نهایی!CX:CX,MATCH(C31,نهایی!B:B,0))) -> 144.72423 | T31: =IF(S31>Q31,"",Q31-S31) | U31: =IF(Q31>S31,"",S31-Q31) -> 0.72423117 | V31: =IF(P31>S31,P31-S31,"") -> #N/A | W31: =IF(P31<S31,S31-P31,"") -> #N/A | X31: =ROUNDDOWN(IF((0.95-S31/P31)>0,(0.95-S31/P31),0)*Q31,0) -> #N/A | Y31: =ROUNDUP((IF(((S31/P31)-0.97)>0,((S31/P31)-0.97),0)*Q31)/1,0) -> #N/A | Z31: =VLOOKUP(C31,نهایی!B:B,1,0) -> 1068 | AA31: =VLOOKUP(D31,نهایی!B:B,1,0) -> #N/A
C32: =_xlfn.XLOOKUP(D32,'کارکرد اداری'!$C$3:$C$106,'کارکرد اداری'!$B$3:$B$106,0,1) -> 390 | D32: 14395 | E32: مسلم سبزه کار | G32: =_xlfn.IFNA(_xlfn.XLOOKUP(D32,'کارکرد اداری'!$C$4:$C$204,'کارکرد اداری'!$N$4:$N$204,"0",0),_xlfn.XLOOKUP(C32,'کارکرد اداری'!$C$4:$C$204,'کارکرد اداری'!$N$4:$N$204,"0",0)) -> 0 | H32: =_xlfn.XLOOKUP(D32,'کارکرد اداری'!$C$4:$C$204,'کارکرد اداری'!$K$4:$K$204,0,1) -> 0 | I32: =_xlfn.XLOOKUP(D32,'کارکرد اداری'!$C$4:$C$204,'کارکرد اداری'!$I$4:$I$204,0,1) -> 0 | J32: {=_xlfn.IFNA(INDEX('کارکرد اداری'!J:J,MATCH(C32,'کارکرد اداری'!B:B,0),0),INDEX('کارکرد اداری'!J:J,MATCH(D32,'کارکرد اداری'!C:C,0),0))} -> #N/A | K32: {=_xlfn.IFNA(INDEX('کارکرد اداری'!R:R,MATCH(C32,'کارکرد اداری'!B:B,0),0),INDEX('کارکرد اداری'!R:R,MATCH(D32,'کارکرد اداری'!C:C,0),0))} -> #N/A | L32: {=_xlfn.IFNA(INDEX('کارکرد اداری'!S:S,MATCH(C32,'کارکرد اداری'!B:B,0),0),INDEX('کارکرد اداری'!S:S,MATCH(D32,'کارکرد اداری'!C:C,0),0))} -> #N/A | M32: {=_xlfn.IFNA(INDEX('کارکرد اداری'!P:P,MATCH(C32,'کارکرد اداری'!B:B,0),0),INDEX('کارکرد اداری'!P:P,MATCH(D32,'کارکرد اداری'!C:C,0),0))} -> #N/A | N32: {=_xlfn.IFNA(INDEX('کارکرد اداری'!Q:Q,MATCH(C32,'کارکرد اداری'!B:B,0),0),INDEX('کارکرد اداری'!Q:Q,MATCH(D32,'کارکرد اداری'!C:C,0),0))} -> #N/A | O32: =$F$1-$M$1-G32-H32-I32-J32 -> #N/A | P32: =((O32*440+M32*60+N32)-(K32*60-L32))/60 -> #N/A | Q32: {=_xlfn.IFNA(INDEX(نهایی!CW:CW,MATCH(D32,نهایی!B:B,0),0)/60,INDEX(نهایی!CW:CW,MATCH(C32,نهایی!B:B,0),0)/60)} -> 139.66667 | R32: =Q32-P32 -> #N/A | S32: =_xlfn.IFNA(INDEX(نهایی!CX:CX,MATCH(D32,نهایی!B:B,0)),INDEX(نهایی!CX:CX,MATCH(C32,نهایی!B:B,0))) -> 139.48657 | T32: =IF(S32>Q32,"",Q32-S32) -> 0.18009514 | U32: =IF(Q32>S32,"",S32-Q32) | V32: =IF(P32>S32,P32-S32,"") -> #N/A | W32: =IF(P32<S32,S32-P32,"") -> #N/A | X32: =ROUNDDOWN(IF((0.95-S32/P32)>0,(0.95-S32/P32),0)*Q32,0) -> #N/A | Y32: =ROUNDUP((IF(((S32/P32)-0.97)>0,((S32/P32)-0.97),0)*Q32)/1,0) -> #N/A | Z32: =VLOOKUP(C32,نهایی!B:B,1,0) -> #N/A | AA32: =VLOOKUP(D32,نهایی!B:B,1,0) -> 14395
C33: =_xlfn.XLOOKUP(D33,'کارکرد اداری'!$C$3:$C$106,'کارکرد اداری'!$B$3:$B$106,0,1) -> 1060 | D33: 14859 | E33: وحید پارسامقدم | G33: =_xlfn.IFNA(_xlfn.XLOOKUP(D33,'کارکرد اداری'!$C$4:$C$204,'کارکرد اداری'!$N$4:$N$204,"0",0),_xlfn.XLOOKUP(C33,'کارکرد اداری'!$C$4:$C$204,'کارکرد اداری'!$N$4:$N$204,"0",0)) -> 0 | H33: =_xlfn.XLOOKUP(D33,'کارکرد اداری'!$C$4:$C$204,'کارکرد اداری'!$K$4:$K$204,0,1) -> 0 | I33: =_xlfn.XLOOKUP(D33,'کارکرد اداری'!$C$4:$C$204,'کارکرد اداری'!$I$4:$I$204,0,1) -> 0 | J33: {=_xlfn.IFNA(INDEX('کارکرد اداری'!J:J,MATCH(C33,'کارکرد اداری'!B:B,0),0),INDEX('کارکرد اداری'!J:J,MATCH(D33,'کارکرد اداری'!C:C,0),0))} -> #N/A | K33: {=_xlfn.IFNA(INDEX('کارکرد اداری'!R:R,MATCH(C33,'کارکرد اداری'!B:B,0),0),INDEX('کارکرد اداری'!R:R,MATCH(D33,'کارکرد اداری'!C:C,0),0))} -> #N/A | L33: {=_xlfn.IFNA(INDEX('کارکرد اداری'!S:S,MATCH(C33,'کارکرد اداری'!B:B,0),0),INDEX('کارکرد اداری'!S:S,MATCH(D33,'کارکرد اداری'!C:C,0),0))} -> #N/A | M33: {=_xlfn.IFNA(INDEX('کارکرد اداری'!P:P,MATCH(C33,'کارکرد اداری'!B:B,0),0),INDEX('کارکرد اداری'!P:P,MATCH(D33,'کارکرد اداری'!C:C,0),0))} -> #N/A | N33: {=_xlfn.IFNA(INDEX('کارکرد اداری'!Q:Q,MATCH(C33,'کارکرد اداری'!B:B,0),0),INDEX('کارکرد اداری'!Q:Q,MATCH(D33,'کارکرد اداری'!C:C,0),0))} -> #N/A | O33: =$F$1-$M$1-G33-H33-I33-J33 -> #N/A | P33: =((O33*440+M33*60+N33)-(K33*60-L33))/60 -> #N/A | Q33: {=_xlfn.IFNA(INDEX(نهایی!CW:CW,MATCH(D33,نهایی!B:B,0),0)/60,INDEX(نهایی!CW:CW,MATCH(C33,نهایی!B:B,0),0)/60)} -> 133.66667 | R33: =Q33-P33 -> #N/A | S33: =_xlfn.IFNA(INDEX(نهایی!CX:CX,MATCH(D33,نهایی!B:B,0)),INDEX(نهایی!CX:CX,MATCH(C33,نهایی!B:B,0))) -> 133.72543 | T33: =IF(S33>Q33,"",Q33-S33) | U33: =IF(Q33>S33,"",S33-Q33) -> 0.058759284 | V33: =IF(P33>S33,P33-S33,"") -> #N/A | W33: =IF(P33<S33,S33-P33,"") -> #N/A | X33: =ROUNDDOWN(IF((0.95-S33/P33)>0,(0.95-S33/P33),0)*Q33,0) -> #N/A | Y33: =ROUNDUP((IF(((S33/P33)-0.97)>0,((S33/P33)-0.97),0)*Q33)/1,0) -> #N/A | Z33: =VLOOKUP(C33,نهایی!B:B,1,0) -> 1060 | AA33: =VLOOKUP(D33,نهایی!B:B,1,0) -> #N/A
C34: =_xlfn.XLOOKUP(D34,'کارکرد اداری'!$C$3:$C$106,'کارکرد اداری'!$B$3:$B$106,0,1) -> 1127 | D34: 14903 | E34: عاطفه صادقیان | G34: =_xlfn.IFNA(_xlfn.XLOOKUP(D34,'کارکرد اداری'!$C$4:$C$204,'کارکرد اداری'!$N$4:$N$204,"0",0),_xlfn.XLOOKUP(C34,'کارکرد اداری'!$C$4:$C$204,'کارکرد اداری'!$N$4:$N$204,"0",0)) -> 0 | H34: =_xlfn.XLOOKUP(D34,'کارکرد اداری'!$C$4:$C$204,'کارکرد اداری'!$K$4:$K$204,0,1) -> 0 | I34: =_xlfn.XLOOKUP(D34,'کارکرد اداری'!$C$4:$C$204,'کارکرد اداری'!$I$4:$I$204,0,1) -> 0 | J34: {=_xlfn.IFNA(INDEX('کارکرد اداری'!J:J,MATCH(C34,'کارکرد اداری'!B:B,0),0),INDEX('کارکرد اداری'!J:J,MATCH(D34,'کارکرد اداری'!C:C,0),0))} -> #N/A | K34: {=_xlfn.IFNA(INDEX('کارکرد اداری'!R:R,MATCH(C34,'کارکرد اداری'!B:B,0),0),INDEX('کارکرد اداری'!R:R,MATCH(D34,'کارکرد اداری'!C:C,0),0))} -> #N/A | L34: {=_xlfn.IFNA(INDEX('کارکرد اداری'!S:S,MATCH(C34,'کارکرد اداری'!B:B,0),0),INDEX('کارکرد اداری'!S:S,MATCH(D34,'کارکرد اداری'!C:C,0),0))} -> #N/A | M34: {=_xlfn.IFNA(INDEX('کارکرد اداری'!P:P,MATCH(C34,'کارکرد اداری'!B:B,0),0),INDEX('کارکرد اداری'!P:P,MATCH(D34,'کارکرد اداری'!C:C,0),0))} -> #N/A | N34: {=_xlfn.IFNA(INDEX('کارکرد اداری'!Q:Q,MATCH(C34,'کارکرد اداری'!B:B,0),0),INDEX('کارکرد اداری'!Q:Q,MATCH(D34,'کارکرد اداری'!C:C,0),0))} -> #N/A | O34: =$F$1-$M$1-G34-H34-I34-J34 -> #N/A | P34: =((O34*440+M34*60+N34)-(K34*60-L34))/60 -> #N/A | Q34: {=_xlfn.IFNA(INDEX(نهایی!CW:CW,MATCH(D34,نهایی!B:B,0),0)/60,INDEX(نهایی!CW:CW,MATCH(C34,نهایی!B:B,0),0)/60)} -> 156.33333 | R34: =Q34-P34 -> #N/A | S34: =_xlfn.IFNA(INDEX(نهایی!CX:CX,MATCH(D34,نهایی!B:B,0)),INDEX(نهایی!CX:CX,MATCH(C34,نهایی!B:B,0))) -> 155.29636 | T34: =IF(S34>Q34,"",Q34-S34) -> 1.0369708 | U34: =IF(Q34>S34,"",S34-Q34) | V34: =IF(P34>S34,P34-S34,"") -> #N/A | W34: =IF(P34<S34,S34-P34,"") -> #N/A | X34: =ROUNDDOWN(IF((0.95-S34/P34)>0,(0.95-S34/P34),0)*Q34,0) -> #N/A | Y34: =ROUNDUP((IF(((S34/P34)-0.97)>0,((S34/P34)-0.97),0)*Q34)/1,0) -> #N/A | Z34: =VLOOKUP(C34,نهایی!B:B,1,0) -> 1127 | AA34: =VLOOKUP(D34,نهایی!B:B,1,0) -> #N/A
C35: =_xlfn.XLOOKUP(D35,'کارکرد اداری'!$C$3:$C$106,'کارکرد اداری'!$B$3:$B$106,0,1) -> 402 | D35: 14396 | E35: محمد شیرازی | G35: =_xlfn.IFNA(_xlfn.XLOOKUP(D35,'کارکرد اداری'!$C$4:$C$204,'کارکرد اداری'!$N$4:$N$204,"0",0),_xlfn.XLOOKUP(C35,'کارکرد اداری'!$C$4:$C$204,'کارکرد اداری'!$N$4:$N$204,"0",0)) -> 0 | H35: =_xlfn.XLOOKUP(D35,'کارکرد اداری'!$C$4:$C$204,'کارکرد اداری'!$K$4:$K$204,0,1) -> 0 | I35: =_xlfn.XLOOKUP(D35,'کارکرد اداری'!$C$4:$C$204,'کارکرد اداری'!$I$4:$I$204,0,1) -> 0 | J35: {=_xlfn.IFNA(INDEX('کارکرد اداری'!J:J,MATCH(C35,'کارکرد اداری'!B:B,0),0),INDEX('کارکرد اداری'!J:J,MATCH(D35,'کارکرد اداری'!C:C,0),0))} -> #N/A | K35: {=_xlfn.IFNA(INDEX('کارکرد اداری'!R:R,MATCH(C35,'کارکرد اداری'!B:B,0),0),INDEX('کارکرد اداری'!R:R,MATCH(D35,'کارکرد اداری'!C:C,0),0))} -> #N/A | L35: {=_xlfn.IFNA(INDEX('کارکرد اداری'!S:S,MATCH(C35,'کارکرد اداری'!B:B,0),0),INDEX('کارکرد اداری'!S:S,MATCH(D35,'کارکرد اداری'!C:C,0),0))} -> #N/A | M35: {=_xlfn.IFNA(INDEX('کارکرد اداری'!P:P,MATCH(C35,'کارکرد اداری'!B:B,0),0),INDEX('کارکرد اداری'!P:P,MATCH(D35,'کارکرد اداری'!C:C,0),0))} -> #N/A | N35: {=_xlfn.IFNA(INDEX('کارکرد اداری'!Q:Q,MATCH(C35,'کارکرد اداری'!B:B,0),0),INDEX('کارکرد اداری'!Q:Q,MATCH(D35,'کارکرد اداری'!C:C,0),0))} -> #N/A | O35: =$F$1-$M$1-G35-H35-I35-J35 -> #N/A | P35: =((O35*440+M35*60+N35)-(K35*60-L35))/60 -> #N/A | Q35: {=_xlfn.IFNA(INDEX(نهایی!CW:CW,MATCH(D35,نهایی!B:B,0),0)/60,INDEX(نهایی!CW:CW,MATCH(C35,نهایی!B:B,0),0)/60)} -> 127.66667 | R35: =Q35-P35 -> #N/A | S35: =_xlfn.IFNA(INDEX(نهایی!CX:CX,MATCH(D35,نهایی!B:B,0)),INDEX(نهایی!CX:CX,MATCH(C35,نهایی!B:B,0))) -> 127.66667 | T35: =IF(S35>Q35,"",Q35-S35) -> 0 | U35: =IF(Q35>S35,"",S35-Q35) -> 0 | V35: =IF(P35>S35,P35-S35,"") -> #N/A | W35: =IF(P35<S35,S35-P35,"") -> #N/A | X35: =ROUNDDOWN(IF((0.95-S35/P35)>0,(0.95-S35/P35),0)*Q35,0) -> #N/A | Y35: =ROUNDUP((IF(((S35/P35)-0.97)>0,((S35/P35)-0.97),0)*Q35)/1,0) -> #N/A | Z35: =VLOOKUP(C35,نهایی!B:B,1,0) -> #N/A | AA35: =VLOOKUP(D35,نهایی!B:B,1,0) -> 14396
C36: =_xlfn.XLOOKUP(D36,'کارکرد اداری'!$C$3:$C$106,'کارکرد اداری'!$B$3:$B$106,0,1) -> 686 | D36: 14592 | E36: ندا ذکاوتی | G36: =_xlfn.IFNA(_xlfn.XLOOKUP(D36,'کارکرد اداری'!$C$4:$C$204,'کارکرد اداری'!$N$4:$N$204,"0",0),_xlfn.XLOOKUP(C36,'کارکرد اداری'!$C$4:$C$204,'کارکرد اداری'!$N$4:$N$204,"0",0)) -> 0 | H36: =_xlfn.XLOOKUP(D36,'کارکرد اداری'!$C$4:$C$204,'کارکرد اداری'!$K$4:$K$204,0,1) -> 0 | I36: =_xlfn.XLOOKUP(D36,'کارکرد اداری'!$C$4:$C$204,'کارکرد اداری'!$I$4:$I$204,0,1) -> 0 | J36: {=_xlfn.IFNA(INDEX('کارکرد اداری'!J:J,MATCH(C36,'کارکرد اداری'!B:B,0),0),INDEX('کارکرد اداری'!J:J,MATCH(D36,'کارکرد اداری'!C:C,0),0))} -> #N/A | K36: {=_xlfn.IFNA(INDEX('کارکرد اداری'!R:R,MATCH(C36,'کارکرد اداری'!B:B,0),0),INDEX('کارکرد اداری'!R:R,MATCH(D36,'کارکرد اداری'!C:C,0),0))} -> #N/A | L36: {=_xlfn.IFNA(INDEX('کارکرد اداری'!S:S,MATCH(C36,'کارکرد اداری'!B:B,0),0),INDEX('کارکرد اداری'!S:S,MATCH(D36,'کارکرد اداری'!C:C,0),0))} -> #N/A | M36: {=_xlfn.IFNA(INDEX('کارکرد اداری'!P:P,MATCH(C36,'کارکرد اداری'!B:B,0),0),INDEX('کارکرد اداری'!P:P,MATCH(D36,'کارکرد اداری'!C:C,0),0))} -> #N/A | N36: {=_xlfn.IFNA(INDEX('کارکرد اداری'!Q:Q,MATCH(C36,'کارکرد اداری'!B:B,0),0),INDEX('کارکرد اداری'!Q:Q,MATCH(D36,'کارکرد اداری'!C:C,0),0))} -> #N/A | O36: =$F$1-$M$1-G36-H36-I36-J36 -> #N/A | P36: =((O36*440+M36*60+N36)-(K36*60-L36))/60 -> #N/A | Q36: {=_xlfn.IFNA(INDEX(نهایی!CW:CW,MATCH(D36,نهایی!B:B,0),0)/60,INDEX(نهایی!CW:CW,MATCH(C36,نهایی!B:B,0),0)/60)} -> 141 | R36: =Q36-P36 -> #N/A | S36: =_xlfn.IFNA(INDEX(نهایی!CX:CX,MATCH(D36,نهایی!B:B,0)),INDEX(نهایی!CX:CX,MATCH(C36,نهایی!B:B,0))) -> 138.76049 | T36: =IF(S36>Q36,"",Q36-S36) -> 2.2395105 | U36: =IF(Q36>S36,"",S36-Q36) | V36: =IF(P36>S36,P36-S36,"") -> #N/A | W36: =IF(P36<S36,S36-P36,"") -> #N/A | X36: =ROUNDDOWN(IF((0.95-S36/P36)>0,(0.95-S36/P36),0)*Q36,0) -> #N/A | Y36: =ROUNDUP((IF(((S36/P36)-0.97)>0,((S36/P36)-0.97),0)*Q36)/1,0) -> #N/A | Z36: =VLOOKUP(C36,نهایی!B:B,1,0) -> #N/A | AA36: =VLOOKUP(D36,نهایی!B:B,1,0) -> 14592
A37: تست | C37: =_xlfn.XLOOKUP(D37,'کارکرد اداری'!$C$3:$C$106,'کارکرد اداری'!$B$3:$B$106,0,1) -> 738 | D37: 14631 | E37: علی حسنی | G37: =_xlfn.IFNA(_xlfn.XLOOKUP(D37,'کارکرد اداری'!$C$4:$C$204,'کارکرد اداری'!$N$4:$N$204,"0",0),_xlfn.XLOOKUP(C37,'کارکرد اداری'!$C$4:$C$204,'کارکرد اداری'!$N$4:$N$204,"0",0)) -> 0 | H37: =_xlfn.XLOOKUP(D37,'کارکرد اداری'!$C$4:$C$204,'کارکرد اداری'!$K$4:$K$204,0,1) -> 0 | I37: =_xlfn.XLOOKUP(D37,'کارکرد اداری'!$C$4:$C$204,'کارکرد اداری'!$I$4:$I$204,0,1) -> 0 | J37: {=_xlfn.IFNA(INDEX('کارکرد اداری'!J:J,MATCH(C37,'کارکرد اداری'!B:B,0),0),INDEX('کارکرد اداری'!J:J,MATCH(D37,'کارکرد اداری'!C:C,0),0))} -> #N/A | K37: {=_xlfn.IFNA(INDEX('کارکرد اداری'!R:R,MATCH(C37,'کارکرد اداری'!B:B,0),0),INDEX('کارکرد اداری'!R:R,MATCH(D37,'کارکرد اداری'!C:C,0),0))} -> #N/A | L37: {=_xlfn.IFNA(INDEX('کارکرد اداری'!S:S,MATCH(C37,'کارکرد اداری'!B:B,0),0),INDEX('کارکرد اداری'!S:S,MATCH(D37,'کارکرد اداری'!C:C,0),0))} -> #N/A | M37: {=_xlfn.IFNA(INDEX('کارکرد اداری'!P:P,MATCH(C37,'کارکرد اداری'!B:B,0),0),INDEX('کارکرد اداری'!P:P,MATCH(D37,'کارکرد اداری'!C:C,0),0))} -> #N/A | N37: {=_xlfn.IFNA(INDEX('کارکرد اداری'!Q:Q,MATCH(C37,'کارکرد اداری'!B:B,0),0),INDEX('کارکرد اداری'!Q:Q,MATCH(D37,'کارکرد اداری'!C:C,0),0))} -> #N/A | O37: =$F$1-$M$1-G37-H37-I37-J37 -> #N/A | P37: =((O37*440+M37*60+N37)-(K37*60-L37))/60 -> #N/A | Q37: {=_xlfn.IFNA(INDEX(نهایی!CW:CW,MATCH(D37,نهایی!B:B,0),0)/60,INDEX(نهایی!CW:CW,MATCH(C37,نهایی!B:B,0),0)/60)} -> 132.33333 | R37: =Q37-P37 -> #N/A | S37: =_xlfn.IFNA(INDEX(نهایی!CX:CX,MATCH(D37,نهایی!B:B,0)),INDEX(نهایی!CX:CX,MATCH(C37,نهایی!B:B,0))) -> 132.86771 | T37: =IF(S37>Q37,"",Q37-S37) | U37: =IF(Q37>S37,"",S37-Q37) -> 0.53437211 | V37: =IF(P37>S37,P37-S37,"") -> #N/A | W37: =IF(P37<S37,S37-P37,"") -> #N/A | X37: =ROUNDDOWN(IF((0.95-S37/P37)>0,(0.95-S37/P37),0)*Q37,0) -> #N/A | Y37: =ROUNDUP((IF(((S37/P37)-0.97)>0,((S37/P37)-0.97),0)*Q37)/1,0) -> #N/A | Z37: =VLOOKUP(C37,نهایی!B:B,1,0) -> #N/A | AA37: =VLOOKUP(D37,نهایی!B:B,1,0) -> 14631
C38: =_xlfn.XLOOKUP(D38,'کارکرد اداری'!$C$3:$C$106,'کارکرد اداری'!$B$3:$B$106,0,1) -> 907 | D38: 14712 | E38: محمد دوستی | G38: =_xlfn.IFNA(_xlfn.XLOOKUP(D38,'کارکرد اداری'!$C$4:$C$204,'کارکرد اداری'!$N$4:$N$204,"0",0),_xlfn.XLOOKUP(C38,'کارکرد اداری'!$C$4:$C$204,'کارکرد اداری'!$N$4:$N$204,"0",0)) -> 0 | H38: =_xlfn.XLOOKUP(D38,'کارکرد اداری'!$C$4:$C$204,'کارکرد اداری'!$K$4:$K$204,0,1) -> 0 | I38: =_xlfn.XLOOKUP(D38,'کارکرد اداری'!$C$4:$C$204,'کارکرد اداری'!$I$4:$I$204,0,1) -> 0 | J38: {=_xlfn.IFNA(INDEX('کارکرد اداری'!J:J,MATCH(C38,'کارکرد اداری'!B:B,0),0),INDEX('کارکرد اداری'!J:J,MATCH(D38,'کارکرد اداری'!C:C,0),0))} -> #N/A | K38: {=_xlfn.IFNA(INDEX('کارکرد اداری'!R:R,MATCH(C38,'کارکرد اداری'!B:B,0),0),INDEX('کارکرد اداری'!R:R,MATCH(D38,'کارکرد اداری'!C:C,0),0))} -> #N/A | L38: {=_xlfn.IFNA(INDEX('کارکرد اداری'!S:S,MATCH(C38,'کارکرد اداری'!B:B,0),0),INDEX('کارکرد اداری'!S:S,MATCH(D38,'کارکرد اداری'!C:C,0),0))} -> #N/A | M38: {=_xlfn.IFNA(INDEX('کارکرد اداری'!P:P,MATCH(C38,'کارکرد اداری'!B:B,0),0),INDEX('کارکرد اداری'!P:P,MATCH(D38,'کارکرد اداری'!C:C,0),0))} -> #N/A | N38: {=_xlfn.IFNA(INDEX('کارکرد اداری'!Q:Q,MATCH(C38,'کارکرد اداری'!B:B,0),0),INDEX('کارکرد اداری'!Q:Q,MATCH(D38,'کارکرد اداری'!C:C,0),0))} -> #N/A | O38: =$F$1-$M$1-G38-H38-I38-J38 -> #N/A | P38: =((O38*440+M38*60+N38)-(K38*60-L38))/60 -> #N/A | Q38: {=_xlfn.IFNA(INDEX(نهایی!CW:CW,MATCH(D38,نهایی!B:B,0),0)/60,INDEX(نهایی!CW:CW,MATCH(C38,نهایی!B:B,0),0)/60)} -> 132.33333 | R38: =Q38-P38 -> #N/A | S38: =_xlfn.IFNA(INDEX(نهایی!CX:CX,MATCH(D38,نهایی!B:B,0)),INDEX(نهایی!CX:CX,MATCH(C38,نهایی!B:B,0))) -> 131.46688 | T38: =IF(S38>Q38,"",Q38-S38) -> 0.86645741 | U38: =IF(Q38>S38,"",S38-Q38) | V38: =IF(P38>S38,P38-S38,"") -> #N/A | W38: =IF(P38<S38,S38-P38,"") -> #N/A | X38: =ROUNDDOWN(IF((0.95-S38/P38)>0,(0.95-S38/P38),0)*Q38,0) -> #N/A | Y38: =ROUNDUP((IF(((S38/P38)-0.97)>0,((S38/P38)-0.97),0)*Q38)/1,0) -> #N/A | Z38: =VLOOKUP(C38,نهایی!B:B,1,0) -> #N/A | AA38: =VLOOKUP(D38,نهایی!B:B,1,0) -> 14712
C39: =_xlfn.XLOOKUP(D39,'کارکرد اداری'!$C$3:$C$106,'کارکرد اداری'!$B$3:$B$106,0,1) -> 311 | D39: 14329 | E39: سید مجید عرفانی عیسی زاده | G39: =_xlfn.IFNA(_xlfn.XLOOKUP(D39,'کارکرد اداری'!$C$4:$C$204,'کارکرد اداری'!$N$4:$N$204,"0",0),_xlfn.XLOOKUP(C39,'کارکرد اداری'!$C$4:$C$204,'کارکرد اداری'!$N$4:$N$204,"0",0)) -> 0 | H39: =_xlfn.XLOOKUP(D39,'کارکرد اداری'!$C$4:$C$204,'کارکرد اداری'!$K$4:$K$204,0,1) -> 0 | I39: =_xlfn.XLOOKUP(D39,'کارکرد اداری'!$C$4:$C$204,'کارکرد اداری'!$I$4:$I$204,0,1) -> 0 | J39: {=_xlfn.IFNA(INDEX('کارکرد اداری'!J:J,MATCH(C39,'کارکرد اداری'!B:B,0),0),INDEX('کارکرد اداری'!J:J,MATCH(D39,'کارکرد اداری'!C:C,0),0))} -> #N/A | K39: {=_xlfn.IFNA(INDEX('کارکرد اداری'!R:R,MATCH(C39,'کارکرد اداری'!B:B,0),0),INDEX('کارکرد اداری'!R:R,MATCH(D39,'کارکرد اداری'!C:C,0),0))} -> #N/A | L39: {=_xlfn.IFNA(INDEX('کارکرد اداری'!S:S,MATCH(C39,'کارکرد اداری'!B:B,0),0),INDEX('کارکرد اداری'!S:S,MATCH(D39,'کارکرد اداری'!C:C,0),0))} -> #N/A | M39: {=_xlfn.IFNA(INDEX('کارکرد اداری'!P:P,MATCH(C39,'کارکرد اداری'!B:B,0),0),INDEX('کارکرد اداری'!P:P,MATCH(D39,'کارکرد اداری'!C:C,0),0))} -> #N/A | N39: {=_xlfn.IFNA(INDEX('کارکرد اداری'!Q:Q,MATCH(C39,'کارکرد اداری'!B:B,0),0),INDEX('کارکرد اداری'!Q:Q,MATCH(D39,'کارکرد اداری'!C:C,0),0))} -> #N/A | O39: =$F$1-$M$1-G39-H39-I39-J39 -> #N/A | P39: =((O39*440+M39*60+N39)-(K39*60-L39))/60 -> #N/A | Q39: {=_xlfn.IFNA(INDEX(نهایی!CW:CW,MATCH(D39,نهایی!B:B,0),0)/60,INDEX(نهایی!CW:CW,MATCH(C39,نهایی!B:B,0),0)/60)} -> 136.66667 | R39: =Q39-P39 -> #N/A | S39: =_xlfn.IFNA(INDEX(نهایی!CX:CX,MATCH(D39,نهایی!B:B,0)),INDEX(نهایی!CX:CX,MATCH(C39,نهایی!B:B,0))) -> 135.7528 | T39: =IF(S39>Q39,"",Q39-S39) -> 0.91386893 | U39: =IF(Q39>S39,"",S39-Q39) | V39: =IF(P39>S39,P39-S39,"") -> #N/A | W39: =IF(P39<S39,S39-P39,"") -> #N/A | X39: =ROUNDDOWN(IF((0.95-S39/P39)>0,(0.95-S39/P39),0)*Q39,0) -> #N/A | Y39: =ROUNDUP((IF(((S39/P39)-0.97)>0,((S39/P39)-0.97),0)*Q39)/1,0) -> #N/A | Z39: =VLOOKUP(C39,نهایی!B:B,1,0) -> #N/A | AA39: =VLOOKUP(D39,نهایی!B:B,1,0) -> 14329
C40: =_xlfn.XLOOKUP(D40,'کارکرد اداری'!$C$3:$C$106,'کارکرد اداری'!$B$3:$B$106,0,1) -> 1122 | D40: 14910 | E40: عماد اسماعیلی | G40: =_xlfn.IFNA(_xlfn.XLOOKUP(D40,'کارکرد اداری'!$C$4:$C$204,'کارکرد اداری'!$N$4:$N$204,"0",0),_xlfn.XLOOKUP(C40,'کارکرد اداری'!$C$4:$C$204,'کارکرد اداری'!$N$4:$N$204,"0",0)) -> 0 | H40: =_xlfn.XLOOKUP(D40,'کارکرد اداری'!$C$4:$C$204,'کارکرد اداری'!$K$4:$K$204,0,1) -> 0 | I40: =_xlfn.XLOOKUP(D40,'کارکرد اداری'!$C$4:$C$204,'کارکرد اداری'!$I$4:$I$204,0,1) -> 0 | J40: {=_xlfn.IFNA(INDEX('کارکرد اداری'!J:J,MATCH(C40,'کارکرد اداری'!B:B,0),0),INDEX('کارکرد اداری'!J:J,MATCH(D40,'کارکرد اداری'!C:C,0),0))} -> #N/A | K40: {=_xlfn.IFNA(INDEX('کارکرد اداری'!R:R,MATCH(C40,'کارکرد اداری'!B:B,0),0),INDEX('کارکرد اداری'!R:R,MATCH(D40,'کارکرد اداری'!C:C,0),0))} -> #N/A | L40: {=_xlfn.IFNA(INDEX('کارکرد اداری'!S:S,MATCH(C40,'کارکرد اداری'!B:B,0),0),INDEX('کارکرد اداری'!S:S,MATCH(D40,'کارکرد اداری'!C:C,0),0))} -> #N/A | M40: {=_xlfn.IFNA(INDEX('کارکرد اداری'!P:P,MATCH(C40,'کارکرد اداری'!B:B,0),0),INDEX('کارکرد اداری'!P:P,MATCH(D40,'کارکرد اداری'!C:C,0),0))} -> #N/A | N40: {=_xlfn.IFNA(INDEX('کارکرد اداری'!Q:Q,MATCH(C40,'کارکرد اداری'!B:B,0),0),INDEX('کارکرد اداری'!Q:Q,MATCH(D40,'کارکرد اداری'!C:C,0),0))} -> #N/A | O40: =$F$1-$M$1-G40-H40-I40-J40 -> #N/A | P40: =((O40*440+M40*60+N40)-(K40*60-L40))/60 -> #N/A | Q40: {=_xlfn.IFNA(INDEX(نهایی!CW:CW,MATCH(D40,نهایی!B:B,0),0)/60,INDEX(نهایی!CW:CW,MATCH(C40,نهایی!B:B,0),0)/60)} -> 85.5 | R40: =Q40-P40 -> #N/A | S40: =_xlfn.IFNA(INDEX(نهایی!CX:CX,MATCH(D40,نهایی!B:B,0)),INDEX(نهایی!CX:CX,MATCH(C40,نهایی!B:B,0))) -> 85.5 | T40: =IF(S40>Q40,"",Q40-S40) -> 0 | U40: =IF(Q40>S40,"",S40-Q40) -> 0 | V40: =IF(P40>S40,P40-S40,"") -> #N/A | W40: =IF(P40<S40,S40-P40,"") -> #N/A | X40: =ROUNDDOWN(IF((0.95-S40/P40)>0,(0.95-S40/P40),0)*Q40,0) -> #N/A | Y40: =ROUNDUP((IF(((S40/P40)-0.97)>0,((S40/P40)-0.97),0)*Q40)/1,0) -> #N/A | Z40: =VLOOKUP(C40,نهایی!B:B,1,0) -> 1122 | AA40: =VLOOKUP(D40,نهایی!B:B,1,0) -> #N/A
C41: =_xlfn.XLOOKUP(D41,'کارکرد اداری'!$C$3:$C$106,'کارکرد اداری'!$B$3:$B$106,0,1) -> 264 | D41: 14283 | E41: حسین دهقانی | G41: =_xlfn.IFNA(_xlfn.XLOOKUP(D41,'کارکرد اداری'!$C$4:$C$204,'کارکرد اداری'!$N$4:$N$204,"0",0),_xlfn.XLOOKUP(C41,'کارکرد اداری'!$C$4:$C$204,'کارکرد اداری'!$N$4:$N$204,"0",0)) -> 0 | H41: =_xlfn.XLOOKUP(D41,'کارکرد اداری'!$C$4:$C$204,'کارکرد اداری'!$K$4:$K$204,0,1) -> 0 | I41: =_xlfn.XLOOKUP(D41,'کارکرد اداری'!$C$4:$C$204,'کارکرد اداری'!$I$4:$I$204,0,1) -> 0 | J41: {=_xlfn.IFNA(INDEX('کارکرد اداری'!J:J,MATCH(C41,'کارکرد اداری'!B:B,0),0),INDEX('کارکرد اداری'!J:J,MATCH(D41,'کارکرد اداری'!C:C,0),0))} -> #N/A | K41: {=_xlfn.IFNA(INDEX('کارکرد اداری'!R:R,MATCH(C41,'کارکرد اداری'!B:B,0),0),INDEX('کارکرد اداری'!R:R,MATCH(D41,'کارکرد اداری'!C:C,0),0))} -> #N/A | L41: {=_xlfn.IFNA(INDEX('کارکرد اداری'!S:S,MATCH(C41,'کارکرد اداری'!B:B,0),0),INDEX('کارکرد اداری'!S:S,MATCH(D41,'کارکرد اداری'!C:C,0),0))} -> #N/A | M41: {=_xlfn.IFNA(INDEX('کارکرد اداری'!P:P,MATCH(C41,'کارکرد اداری'!B:B,0),0),INDEX('کارکرد اداری'!P:P,MATCH(D41,'کارکرد اداری'!C:C,0),0))} -> #N/A | N41: {=_xlfn.IFNA(INDEX('کارکرد اداری'!Q:Q,MATCH(C41,'کارکرد اداری'!B:B,0),0),INDEX('کارکرد اداری'!Q:Q,MATCH(D41,'کارکرد اداری'!C:C,0),0))} -> #N/A | O41: =$F$1-$M$1-G41-H41-I41-J41 -> #N/A | P41: =((O41*440+M41*60+N41)-(K41*60-L41))/60 -> #N/A | Q41: {=_xlfn.IFNA(INDEX(نهایی!CW:CW,MATCH(D41,نهایی!B:B,0),0)/60,INDEX(نهایی!CW:CW,MATCH(C41,نهایی!B:B,0),0)/60)} -> 133.91667 | R41: =Q41-P41 -> #N/A | S41: =_xlfn.IFNA(INDEX(نهایی!CX:CX,MATCH(D41,نهایی!B:B,0)),INDEX(نهایی!CX:CX,MATCH(C41,نهایی!B:B,0))) -> 134.0935 | T41: =IF(S41>Q41,"",Q41-S41) | U41: =IF(Q41>S41,"",S41-Q41) -> 0.17682927 | V41: =IF(P41>S41,P41-S41,"") -> #N/A | W41: =IF(P41<S41,S41-P41,"") -> #N/A | X41: =ROUNDDOWN(IF((0.95-S41/P41)>0,(0.95-S41/P41),0)*Q41,0) -> #N/A | Y41: =ROUNDUP((IF(((S41/P41)-0.97)>0,((S41/P41)-0.97),0)*Q41)/1,0) -> #N/A | Z41: =VLOOKUP(C41,نهایی!B:B,1,0) -> #N/A | AA41: =VLOOKUP(D41,نهایی!B:B,1,0) -> 14283
C42: =_xlfn.XLOOKUP(D42,'کارکرد اداری'!$C$3:$C$106,'کارکرد اداری'!$B$3:$B$106,0,1) -> 753 | D42: 14636 | E42: مریم مهربان ترنیک | G42: =_xlfn.IFNA(_xlfn.XLOOKUP(D42,'کارکرد اداری'!$C$4:$C$204,'کارکرد اداری'!$N$4:$N$204,"0",0),_xlfn.XLOOKUP(C42,'کارکرد اداری'!$C$4:$C$204,'کارکرد اداری'!$N$4:$N$204,"0",0)) -> 0 | H42: =_xlfn.XLOOKUP(D42,'کارکرد اداری'!$C$4:$C$204,'کارکرد اداری'!$K$4:$K$204,0,1) -> 0 | I42: =_xlfn.XLOOKUP(D42,'کارکرد اداری'!$C$4:$C$204,'کارکرد اداری'!$I$4:$I$204,0,1) -> 0 | J42: {=_xlfn.IFNA(INDEX('کارکرد اداری'!J:J,MATCH(C42,'کارکرد اداری'!B:B,0),0),INDEX('کارکرد اداری'!J:J,MATCH(D42,'کارکرد اداری'!C:C,0),0))} -> #N/A | K42: {=_xlfn.IFNA(INDEX('کارکرد اداری'!R:R,MATCH(C42,'کارکرد اداری'!B:B,0),0),INDEX('کارکرد اداری'!R:R,MATCH(D42,'کارکرد اداری'!C:C,0),0))} -> #N/A | L42: {=_xlfn.IFNA(INDEX('کارکرد اداری'!S:S,MATCH(C42,'کارکرد اداری'!B:B,0),0),INDEX('کارکرد اداری'!S:S,MATCH(D42,'کارکرد اداری'!C:C,0),0))} -> #N/A | M42: {=_xlfn.IFNA(INDEX('کارکرد اداری'!P:P,MATCH(C42,'کارکرد اداری'!B:B,0),0),INDEX('کارکرد اداری'!P:P,MATCH(D42,'کارکرد اداری'!C:C,0),0))} -> #N/A | N42: {=_xlfn.IFNA(INDEX('کارکرد اداری'!Q:Q,MATCH(C42,'کارکرد اداری'!B:B,0),0),INDEX('کارکرد اداری'!Q:Q,MATCH(D42,'کارکرد اداری'!C:C,0),0))} -> #N/A | O42: =$F$1-$M$1-G42-H42-I42-J42 -> #N/A | P42: =((O42*440+M42*60+N42)-(K42*60-L42))/60 -> #N/A | Q42: {=_xlfn.IFNA(INDEX(نهایی!CW:CW,MATCH(D42,نهایی!B:B,0),0)/60,INDEX(نهایی!CW:CW,MATCH(C42,نهایی!B:B,0),0)/60)} -> 162.5 | R42: =Q42-P42 -> #N/A | S42: =_xlfn.IFNA(INDEX(نهایی!CX:CX,MATCH(D42,نهایی!B:B,0)),INDEX(نهایی!CX:CX,MATCH(C42,نهایی!B:B,0))) -> 160.47199 | T42: =IF(S42>Q42,"",Q42-S42) -> 2.0280082 | U42: =IF(Q42>S42,"",S42-Q42) | V42: =IF(P42>S42,P42-S42,"") -> #N/A | W42: =IF(P42<S42,S42-P42,"") -> #N/A | X42: =ROUNDDOWN(IF((0.95-S42/P42)>0,(0.95-S42/P42),0)*Q42,0) -> #N/A | Y42: =ROUNDUP((IF(((S42/P42)-0.97)>0,((S42/P42)-0.97),0)*Q42)/1,0) -> #N/A | Z42: =VLOOKUP(C42,نهایی!B:B,1,0) -> #N/A | AA42: =VLOOKUP(D42,نهایی!B:B,1,0) -> 14636
C43: =_xlfn.XLOOKUP(D43,'کارکرد اداری'!$C$3:$C$106,'کارکرد اداری'!$B$3:$B$106,0,1) -> 509 | D43: 14466 | E43: علی بسیج | G43: =_xlfn.IFNA(_xlfn.XLOOKUP(D43,'کارکرد اداری'!$C$4:$C$204,'کارکرد اداری'!$N$4:$N$204,"0",0),_xlfn.XLOOKUP(C43,'کارکرد اداری'!$C$4:$C$204,'کارکرد اداری'!$N$4:$N$204,"0",0)) -> 0 | H43: =_xlfn.XLOOKUP(D43,'کارکرد اداری'!$C$4:$C$204,'کارکرد اداری'!$K$4:$K$204,0,1) -> 0 | I43: =_xlfn.XLOOKUP(D43,'کارکرد اداری'!$C$4:$C$204,'کارکرد اداری'!$I$4:$I$204,0,1) -> 0 | J43: {=_xlfn.IFNA(INDEX('کارکرد اداری'!J:J,MATCH(C43,'کارکرد اداری'!B:B,0),0),INDEX('کارکرد اداری'!J:J,MATCH(D43,'کارکرد اداری'!C:C,0),0))} -> #N/A | K43: {=_xlfn.IFNA(INDEX('کارکرد اداری'!R:R,MATCH(C43,'کارکرد اداری'!B:B,0),0),INDEX('کارکرد اداری'!R:R,MATCH(D43,'کارکرد اداری'!C:C,0),0))} -> #N/A | L43: {=_xlfn.IFNA(INDEX('کارکرد اداری'!S:S,MATCH(C43,'کارکرد اداری'!B:B,0),0),INDEX('کارکرد اداری'!S:S,MATCH(D43,'کارکرد اداری'!C:C,0),0))} -> #N/A | M43: {=_xlfn.IFNA(INDEX('کارکرد اداری'!P:P,MATCH(C43,'کارکرد اداری'!B:B,0),0),INDEX('کارکرد اداری'!P:P,MATCH(D43,'کارکرد اداری'!C:C,0),0))} -> #N/A | N43: {=_xlfn.IFNA(INDEX('کارکرد اداری'!Q:Q,MATCH(C43,'کارکرد اداری'!B:B,0),0),INDEX('کارکرد اداری'!Q:Q,MATCH(D43,'کارکرد اداری'!C:C,0),0))} -> #N/A | O43: =$F$1-$M$1-G43-H43-I43-J43 -> #N/A | P43: =((O43*440+M43*60+N43)-(K43*60-L43))/60 -> #N/A | Q43: {=_xlfn.IFNA(INDEX(نهایی!CW:CW,MATCH(D43,نهایی!B:B,0),0)/60,INDEX(نهایی!CW:CW,MATCH(C43,نهایی!B:B,0),0)/60)} -> 131.33333 | R43: =Q43-P43 -> #N/A | S43: =_xlfn.IFNA(INDEX(نهایی!CX:CX,MATCH(D43,نهایی!B:B,0)),INDEX(نهایی!CX:CX,MATCH(C43,نهایی!B:B,0))) -> 130.05639 | T43: =IF(S43>Q43,"",Q43-S43) -> 1.2769441 | U43: =IF(Q43>S43,"",S43-Q43) | V43: =IF(P43>S43,P43-S43,"") -> #N/A | W43: =IF(P43<S43,S43-P43,"") -> #N/A | X43: =ROUNDDOWN(IF((0.95-S43/P43)>0,(0.95-S43/P43),0)*Q43,0) -> #N/A | Y43: =ROUNDUP((IF(((S43/P43)-0.97)>0,((S43/P43)-0.97),0)*Q43)/1,0) -> #N/A | Z43: =VLOOKUP(C43,نهایی!B:B,1,0) -> #N/A | AA43: =VLOOKUP(D43,نهایی!B:B,1,0) -> 14466
C44: =_xlfn.XLOOKUP(D44,'کارکرد اداری'!$C$3:$C$106,'کارکرد اداری'!$B$3:$B$106,0,1) -> 595 | D44: 14537 | E44: ناهید جعفریانی | G44: =_xlfn.IFNA(_xlfn.XLOOKUP(D44,'کارکرد اداری'!$C$4:$C$204,'کارکرد اداری'!$N$4:$N$204,"0",0),_xlfn.XLOOKUP(C44,'کارکرد اداری'!$C$4:$C$204,'کارکرد اداری'!$N$4:$N$204,"0",0)) -> 0 | H44: =_xlfn.XLOOKUP(D44,'کارکرد اداری'!$C$4:$C$204,'کارکرد اداری'!$K$4:$K$204,0,1) -> 0 | I44: =_xlfn.XLOOKUP(D44,'کارکرد اداری'!$C$4:$C$204,'کارکرد اداری'!$I$4:$I$204,0,1) -> 0 | J44: {=_xlfn.IFNA(INDEX('کارکرد اداری'!J:J,MATCH(C44,'کارکرد اداری'!B:B,0),0),INDEX('کارکرد اداری'!J:J,MATCH(D44,'کارکرد اداری'!C:C,0),0))} -> #N/A | K44: {=_xlfn.IFNA(INDEX('کارکرد اداری'!R:R,MATCH(C44,'کارکرد اداری'!B:B,0),0),INDEX('کارکرد اداری'!R:R,MATCH(D44,'کارکرد اداری'!C:C,0),0))} -> #N/A | L44: {=_xlfn.IFNA(INDEX('کارکرد اداری'!S:S,MATCH(C44,'کارکرد اداری'!B:B,0),0),INDEX('کارکرد اداری'!S:S,MATCH(D44,'کارکرد اداری'!C:C,0),0))} -> #N/A | M44: {=_xlfn.IFNA(INDEX('کارکرد اداری'!P:P,MATCH(C44,'کارکرد اداری'!B:B,0),0),INDEX('کارکرد اداری'!P:P,MATCH(D44,'کارکرد اداری'!C:C,0),0))} -> #N/A | N44: {=_xlfn.IFNA(INDEX('کارکرد اداری'!Q:Q,MATCH(C44,'کارکرد اداری'!B:B,0),0),INDEX('کارکرد اداری'!Q:Q,MATCH(D44,'کارکرد اداری'!C:C,0),0))} -> #N/A | O44: =$F$1-$M$1-G44-H44-I44-J44 -> #N/A | P44: =((O44*440+M44*60+N44)-(K44*60-L44))/60 -> #N/A | Q44: {=_xlfn.IFNA(INDEX(نهایی!CW:CW,MATCH(D44,نهایی!B:B,0),0)/60,INDEX(نهایی!CW:CW,MATCH(C44,نهایی!B:B,0),0)/60)} -> 136.66667 | R44: =Q44-P44 -> #N/A | S44: =_xlfn.IFNA(INDEX(نهایی!CX:CX,MATCH(D44,نهایی!B:B,0)),INDEX(نهایی!CX:CX,MATCH(C44,نهایی!B:B,0))) -> 135.39015 | T44: =IF(S44>Q44,"",Q44-S44) -> 1.2765184 | U44: =IF(Q44>S44,"",S44-Q44) | V44: =IF(P44>S44,P44-S44,"") -> #N/A | W44: =IF(P44<S44,S44-P44,"") -> #N/A | X44: =ROUNDDOWN(IF((0.95-S44/P44)>0,(0.95-S44/P44),0)*Q44,0) -> #N/A | Y44: =ROUNDUP((IF(((S44/P44)-0.97)>0,((S44/P44)-0.97),0)*Q44)/1,0) -> #N/A | Z44: =VLOOKUP(C44,نهایی!B:B,1,0) -> #N/A | AA44: =VLOOKUP(D44,نهایی!B:B,1,0) -> 14537
C45: =_xlfn.XLOOKUP(D45,'کارکرد اداری'!$C$3:$C$106,'کارکرد اداری'!$B$3:$B$106,0,1) -> 1067 | D45: 14867 | E45: جلال نیک خوی | G45: =_xlfn.IFNA(_xlfn.XLOOKUP(D45,'کارکرد اداری'!$C$4:$C$204,'کارکرد اداری'!$N$4:$N$204,"0",0),_xlfn.XLOOKUP(C45,'کارکرد اداری'!$C$4:$C$204,'کارکرد اداری'!$N$4:$N$204,"0",0)) -> 0 | H45: =_xlfn.XLOOKUP(D45,'کارکرد اداری'!$C$4:$C$204,'کارکرد اداری'!$K$4:$K$204,0,1) -> 0 | I45: =_xlfn.XLOOKUP(D45,'کارکرد اداری'!$C$4:$C$204,'کارکرد اداری'!$I$4:$I$204,0,1) -> 0 | J45: {=_xlfn.IFNA(INDEX('کارکرد اداری'!J:J,MATCH(C45,'کارکرد اداری'!B:B,0),0),INDEX('کارکرد اداری'!J:J,MATCH(D45,'کارکرد اداری'!C:C,0),0))} -> #N/A | K45: {=_xlfn.IFNA(INDEX('کارکرد اداری'!R:R,MATCH(C45,'کارکرد اداری'!B:B,0),0),INDEX('کارکرد اداری'!R:R,MATCH(D45,'کارکرد اداری'!C:C,0),0))} -> #N/A | L45: {=_xlfn.IFNA(INDEX('کارکرد اداری'!S:S,MATCH(C45,'کارکرد اداری'!B:B,0),0),INDEX('کارکرد اداری'!S:S,MATCH(D45,'کارکرد اداری'!C:C,0),0))} -> #N/A | M45: {=_xlfn.IFNA(INDEX('کارکرد اداری'!P:P,MATCH(C45,'کارکرد اداری'!B:B,0),0),INDEX('کارکرد اداری'!P:P,MATCH(D45,'کارکرد اداری'!C:C,0),0))} -> #N/A | N45: {=_xlfn.IFNA(INDEX('کارکرد اداری'!Q:Q,MATCH(C45,'کارکرد اداری'!B:B,0),0),INDEX('کارکرد اداری'!Q:Q,MATCH(D45,'کارکرد اداری'!C:C,0),0))} -> #N/A | O45: =$F$1-$M$1-G45-H45-I45-J45 -> #N/A | P45: =((O45*440+M45*60+N45)-(K45*60-L45))/60 -> #N/A | Q45: {=_xlfn.IFNA(INDEX(نهایی!CW:CW,MATCH(D45,نهایی!B:B,0),0)/60,INDEX(نهایی!CW:CW,MATCH(C45,نهایی!B:B,0),0)/60)} -> 136.66667 | R45: =Q45-P45 -> #N/A | S45: =_xlfn.IFNA(INDEX(نهایی!CX:CX,MATCH(D45,نهایی!B:B,0)),INDEX(نهایی!CX:CX,MATCH(C45,نهایی!B:B,0))) -> 135.20815 | T45: =IF(S45>Q45,"",Q45-S45) -> 1.4585188 | U45: =IF(Q45>S45,"",S45-Q45) | V45: =IF(P45>S45,P45-S45,"") -> #N/A | W45: =IF(P45<S45,S45-P45,"") -> #N/A | X45: =ROUNDDOWN(IF((0.95-S45/P45)>0,(0.95-S45/P45),0)*Q45,0) -> #N/A | Y45: =ROUNDUP((IF(((S45/P45)-0.97)>0,((S45/P45)-0.97),0)*Q45)/1,0) -> #N/A | Z45: =VLOOKUP(C45,نهایی!B:B,1,0) -> 1067 | AA45: =VLOOKUP(D45,نهایی!B:B,1,0) -> #N/A
A46: آموزشی | B46: RTF | C46: 1160 | D46: 1160 | E46: علی صفرعلی زاده | G46: =_xlfn.IFNA(_xlfn.XLOOKUP(D46,'کارکرد اداری'!$C$4:$C$204,'کارکرد اداری'!$N$4:$N$204,"0",0),_xlfn.XLOOKUP(C46,'کارکرد اداری'!$C$4:$C$204,'کارکرد اداری'!$N$4:$N$204,"0",0)) -> #N/A | H46: =_xlfn.XLOOKUP(D46,'کارکرد اداری'!$C$4:$C$204,'کارکرد اداری'!$K$4:$K$204,0,1) -> 0 | I46: =_xlfn.XLOOKUP(D46,'کارکرد اداری'!$C$4:$C$204,'کارکرد اداری'!$I$4:$I$204,0,1) -> 0 | J46: {=_xlfn.IFNA(INDEX('کارکرد اداری'!J:J,MATCH(C46,'کارکرد اداری'!B:B,0),0),INDEX('کارکرد اداری'!J:J,MATCH(D46,'کارکرد اداری'!C:C,0),0))} -> #N/A | K46: {=_xlfn.IFNA(INDEX('کارکرد اداری'!R:R,MATCH(C46,'کارکرد اداری'!B:B,0),0),INDEX('کارکرد اداری'!R:R,MATCH(D46,'کارکرد اداری'!C:C,0),0))} -> #N/A | L46: {=_xlfn.IFNA(INDEX('کارکرد اداری'!S:S,MATCH(C46,'کارکرد اداری'!B:B,0),0),INDEX('کارکرد اداری'!S:S,MATCH(D46,'کارکرد اداری'!C:C,0),0))} -> #N/A | M46: {=_xlfn.IFNA(INDEX('کارکرد اداری'!P:P,MATCH(C46,'کارکرد اداری'!B:B,0),0),INDEX('کارکرد اداری'!P:P,MATCH(D46,'کارکرد اداری'!C:C,0),0))} -> #N/A | N46: {=_xlfn.IFNA(INDEX('کارکرد اداری'!Q:Q,MATCH(C46,'کارکرد اداری'!B:B,0),0),INDEX('کارکرد اداری'!Q:Q,MATCH(D46,'کارکرد اداری'!C:C,0),0))} -> #N/A | O46: =$F$1-$M$1-G46-H46-I46-J46 -> #N/A | P46: =((O46*440+M46*60+N46)-(K46*60-L46))/60 -> #N/A | Q46: {=_xlfn.IFNA(INDEX(نهایی!CW:CW,MATCH(D46,نهایی!B:B,0),0)/60,INDEX(نهایی!CW:CW,MATCH(C46,نهایی!B:B,0),0)/60)} -> 163.66667 | R46: =Q46-P46 -> #N/A | S46: =_xlfn.IFNA(INDEX(نهایی!CX:CX,MATCH(D46,نهایی!B:B,0)),INDEX(نهایی!CX:CX,MATCH(C46,نهایی!B:B,0))) -> 160.1021 | T46: =IF(S46>Q46,"",Q46-S46) -> 3.5645688 | U46: =IF(Q46>S46,"",S46-Q46) | V46: =IF(P46>S46,P46-S46,"") -> #N/A | W46: =IF(P46<S46,S46-P46,"") -> #N/A | X46: =ROUNDDOWN(IF((0.95-S46/P46)>0,(0.95-S46/P46),0)*Q46,0) -> #N/A | Y46: =ROUNDUP((IF(((S46/P46)-0.97)>0,((S46/P46)-0.97),0)*Q46)/1,0) -> #N/A | Z46: =VLOOKUP(C46,نهایی!B:B,1,0) -> 1160 | AA46: =VLOOKUP(D46,نهایی!B:B,1,0) -> 1160
C47: =_xlfn.XLOOKUP(D47,'کارکرد اداری'!$C$3:$C$106,'کارکرد اداری'!$B$3:$B$106,0,1) -> 670 | D47: 14580 | E47: عادل آخریان | G47: =_xlfn.IFNA(_xlfn.XLOOKUP(D47,'کارکرد اداری'!$C$4:$C$204,'کارکرد اداری'!$N$4:$N$204,"0",0),_xlfn.XLOOKUP(C47,'کارکرد اداری'!$C$4:$C$204,'کارکرد اداری'!$N$4:$N$204,"0",0)) -> 0 | H47: =_xlfn.XLOOKUP(D47,'کارکرد اداری'!$C$4:$C$204,'کارکرد اداری'!$K$4:$K$204,0,1) -> 0 | I47: =_xlfn.XLOOKUP(D47,'کارکرد اداری'!$C$4:$C$204,'کارکرد اداری'!$I$4:$I$204,0,1) -> 0 | J47: {=_xlfn.IFNA(INDEX('کارکرد اداری'!J:J,MATCH(C47,'کارکرد اداری'!B:B,0),0),INDEX('کارکرد اداری'!J:J,MATCH(D47,'کارکرد اداری'!C:C,0),0))} -> #N/A | K47: {=_xlfn.IFNA(INDEX('کارکرد اداری'!R:R,MATCH(C47,'کارکرد اداری'!B:B,0),0),INDEX('کارکرد اداری'!R:R,MATCH(D47,'کارکرد اداری'!C:C,0),0))} -> #N/A | L47: {=_xlfn.IFNA(INDEX('کارکرد اداری'!S:S,MATCH(C47,'کارکرد اداری'!B:B,0),0),INDEX('کارکرد اداری'!S:S,MATCH(D47,'کارکرد اداری'!C:C,0),0))} -> #N/A | M47: {=_xlfn.IFNA(INDEX('کارکرد اداری'!P:P,MATCH(C47,'کارکرد اداری'!B:B,0),0),INDEX('کارکرد اداری'!P:P,MATCH(D47,'کارکرد اداری'!C:C,0),0))} -> #N/A | N47: {=_xlfn.IFNA(INDEX('کارکرد اداری'!Q:Q,MATCH(C47,'کارکرد اداری'!B:B,0),0),INDEX('کارکرد اداری'!Q:Q,MATCH(D47,'کارکرد اداری'!C:C,0),0))} -> #N/A | O47: =$F$1-$M$1-G47-H47-I47-J47 -> #N/A | P47: =((O47*440+M47*60+N47)-(K47*60-L47))/60 -> #N/A | Q47: {=_xlfn.IFNA(INDEX(نهایی!CW:CW,MATCH(D47,نهایی!B:B,0),0)/60,INDEX(نهایی!CW:CW,MATCH(C47,نهایی!B:B,0),0)/60)} -> 131.16667 | R47: =Q47-P47 -> #N/A | S47: =_xlfn.IFNA(INDEX(نهایی!CX:CX,MATCH(D47,نهایی!B:B,0)),INDEX(نهایی!CX:CX,MATCH(C47,نهایی!B:B,0))) -> 129.35226 | T47: =IF(S47>Q47,"",Q47-S47) -> 1.8144021 | U47: =IF(Q47>S47,"",S47-Q47) | V47: =IF(P47>S47,P47-S47,"") -> #N/A | W47: =IF(P47<S47,S47-P47,"") -> #N/A | X47: =ROUNDDOWN(IF((0.95-S47/P47)>0,(0.95-S47/P47),0)*Q47,0) -> #N/A | Y47: =ROUNDUP((IF(((S47/P47)-0.97)>0,((S47/P47)-0.97),0)*Q47)/1,0) -> #N/A | Z47: =VLOOKUP(C47,نهایی!B:B,1,0) -> #N/A | AA47: =VLOOKUP(D47,نهایی!B:B,1,0) -> 14580
C48: =_xlfn.XLOOKUP(D48,'کارکرد اداری'!$C$3:$C$106,'کارکرد اداری'!$B$3:$B$106,0,1) -> 1141 | D48: 14918 | E48: رسول سلیمی شرق | G48: =_xlfn.IFNA(_xlfn.XLOOKUP(D48,'کارکرد اداری'!$C$4:$C$204,'کارکرد اداری'!$N$4:$N$204,"0",0),_xlfn.XLOOKUP(C48,'کارکرد اداری'!$C$4:$C$204,'کارکرد اداری'!$N$4:$N$204,"0",0)) -> 0 | H48: =_xlfn.XLOOKUP(D48,'کارکرد اداری'!$C$4:$C$204,'کارکرد اداری'!$K$4:$K$204,0,1) -> 0 | I48: =_xlfn.XLOOKUP(D48,'کارکرد اداری'!$C$4:$C$204,'کارکرد اداری'!$I$4:$I$204,0,1) -> 0 | J48: {=_xlfn.IFNA(INDEX('کارکرد اداری'!J:J,MATCH(C48,'کارکرد اداری'!B:B,0),0),INDEX('کارکرد اداری'!J:J,MATCH(D48,'کارکرد اداری'!C:C,0),0))} -> #N/A | K48: {=_xlfn.IFNA(INDEX('کارکرد اداری'!R:R,MATCH(C48,'کارکرد اداری'!B:B,0),0),INDEX('کارکرد اداری'!R:R,MATCH(D48,'کارکرد اداری'!C:C,0),0))} -> #N/A | L48: {=_xlfn.IFNA(INDEX('کارکرد اداری'!S:S,MATCH(C48,'کارکرد اداری'!B:B,0),0),INDEX('کارکرد اداری'!S:S,MATCH(D48,'کارکرد اداری'!C:C,0),0))} -> #N/A | M48: {=_xlfn.IFNA(INDEX('کارکرد اداری'!P:P,MATCH(C48,'کارکرد اداری'!B:B,0),0),INDEX('کارکرد اداری'!P:P,MATCH(D48,'کارکرد اداری'!C:C,0),0))} -> #N/A | N48: {=_xlfn.IFNA(INDEX('کارکرد اداری'!Q:Q,MATCH(C48,'کارکرد اداری'!B:B,0),0),INDEX('کارکرد اداری'!Q:Q,MATCH(D48,'کارکرد اداری'!C:C,0),0))} -> #N/A | O48: =$F$1-$M$1-G48-H48-I48-J48 -> #N/A | P48: =((O48*440+M48*60+N48)-(K48*60-L48))/60 -> #N/A | Q48: {=_xlfn.IFNA(INDEX(نهایی!CW:CW,MATCH(D48,نهایی!B:B,0),0)/60,INDEX(نهایی!CW:CW,MATCH(C48,نهایی!B:B,0),0)/60)} -> 147.33333 | R48: =Q48-P48 -> #N/A | S48: =_xlfn.IFNA(INDEX(نهایی!CX:CX,MATCH(D48,نهایی!B:B,0)),INDEX(نهایی!CX:CX,MATCH(C48,نهایی!B:B,0))) -> 144.25057 | T48: =IF(S48>Q48,"",Q48-S48) -> 3.0827589 | U48: =IF(Q48>S48,"",S48-Q48) | V48: =IF(P48>S48,P48-S48,"") -> #N/A | W48: =IF(P48<S48,S48-P48,"") -> #N/A | X48: =ROUNDDOWN(IF((0.95-S48/P48)>0,(0.95-S48/P48),0)*Q48,0) -> #N/A | Y48: =ROUNDUP((IF(((S48/P48)-0.97)>0,((S48/P48)-0.97),0)*Q48)/1,0) -> #N/A | Z48: =VLOOKUP(C48,نهایی!B:B,1,0) -> 1141 | AA48: =VLOOKUP(D48,نهایی!B:B,1,0) -> #N/A
C49: =_xlfn.XLOOKUP(D49,'کارکرد اداری'!$C$3:$C$106,'کارکرد اداری'!$B$3:$B$106,0,1) -> 1118 | D49: 14898 | E49: معصومه معروف | G49: =_xlfn.IFNA(_xlfn.XLOOKUP(D49,'کارکرد اداری'!$C$4:$C$204,'کارکرد اداری'!$N$4:$N$204,"0",0),_xlfn.XLOOKUP(C49,'کارکرد اداری'!$C$4:$C$204,'کارکرد اداری'!$N$4:$N$204,"0",0)) -> 0 | H49: =_xlfn.XLOOKUP(D49,'کارکرد اداری'!$C$4:$C$204,'کارکرد اداری'!$K$4:$K$204,0,1) -> 0 | I49: =_xlfn.XLOOKUP(D49,'کارکرد اداری'!$C$4:$C$204,'کارکرد اداری'!$I$4:$I$204,0,1) -> 0 | J49: {=_xlfn.IFNA(INDEX('کارکرد اداری'!J:J,MATCH(C49,'کارکرد اداری'!B:B,0),0),INDEX('کارکرد اداری'!J:J,MATCH(D49,'کارکرد اداری'!C:C,0),0))} -> #N/A | K49: {=_xlfn.IFNA(INDEX('کارکرد اداری'!R:R,MATCH(C49,'کارکرد اداری'!B:B,0),0),INDEX('کارکرد اداری'!R:R,MATCH(D49,'کارکرد اداری'!C:C,0),0))} -> #N/A | L49: {=_xlfn.IFNA(INDEX('کارکرد اداری'!S:S,MATCH(C49,'کارکرد اداری'!B:B,0),0),INDEX('کارکرد اداری'!S:S,MATCH(D49,'کارکرد اداری'!C:C,0),0))} -> #N/A | M49: {=_xlfn.IFNA(INDEX('کارکرد اداری'!P:P,MATCH(C49,'کارکرد اداری'!B:B,0),0),INDEX('کارکرد اداری'!P:P,MATCH(D49,'کارکرد اداری'!C:C,0),0))} -> #N/A | N49: {=_xlfn.IFNA(INDEX('کارکرد اداری'!Q:Q,MATCH(C49,'کارکرد اداری'!B:B,0),0),INDEX('کارکرد اداری'!Q:Q,MATCH(D49,'کارکرد اداری'!C:C,0),0))} -> #N/A | O49: =$F$1-$M$1-G49-H49-I49-J49 -> #N/A | P49: =((O49*440+M49*60+N49)-(K49*60-L49))/60 -> #N/A | Q49: {=_xlfn.IFNA(INDEX(نهایی!CW:CW,MATCH(D49,نهایی!B:B,0),0)/60,INDEX(نهایی!CW:CW,MATCH(C49,نهایی!B:B,0),0)/60)} -> 136.66667 | R49: =Q49-P49 -> #N/A | S49: =_xlfn.IFNA(INDEX(نهایی!CX:CX,MATCH(D49,نهایی!B:B,0)),INDEX(نهایی!CX:CX,MATCH(C49,نهایی!B:B,0))) -> 134.07631 | T49: =IF(S49>Q49,"",Q49-S49) -> 2.5903596 | U49: =IF(Q49>S49,"",S49-Q49) | V49: =IF(P49>S49,P49-S49,"") -> #N/A | W49: =IF(P49<S49,S49-P49,"") -> #N/A | X49: =ROUNDDOWN(IF((0.95-S49/P49)>0,(0.95-S49/P49),0)*Q49,0) -> #N/A | Y49: =ROUNDUP((IF(((S49/P49)-0.97)>0,((S49/P49)-0.97),0)*Q49)/1,0) -> #N/A | Z49: =VLOOKUP(C49,نهایی!B:B,1,0) -> 1118 | AA49: =VLOOKUP(D49,نهایی!B:B,1,0) -> #N/A
C50: =_xlfn.XLOOKUP(D50,'کارکرد اداری'!$C$3:$C$106,'کارکرد اداری'!$B$3:$B$106,0,1) -> 435 | D50: 14417 | E50: مریم عبدیان پور | G50: =_xlfn.IFNA(_xlfn.XLOOKUP(D50,'کارکرد اداری'!$C$4:$C$204,'کارکرد اداری'!$N$4:$N$204,"0",0),_xlfn.XLOOKUP(C50,'کارکرد اداری'!$C$4:$C$204,'کارکرد اداری'!$N$4:$N$204,"0",0)) -> 0 | H50: =_xlfn.XLOOKUP(D50,'کارکرد اداری'!$C$4:$C$204,'کارکرد اداری'!$K$4:$K$204,0,1) -> 0 | I50: =_xlfn.XLOOKUP(D50,'کارکرد اداری'!$C$4:$C$204,'کارکرد اداری'!$I$4:$I$204,0,1) -> 0 | J50: {=_xlfn.IFNA(INDEX('کارکرد اداری'!J:J,MATCH(C50,'کارکرد اداری'!B:B,0),0),INDEX('کارکرد اداری'!J:J,MATCH(D50,'کارکرد اداری'!C:C,0),0))} -> #N/A | K50: {=_xlfn.IFNA(INDEX('کارکرد اداری'!R:R,MATCH(C50,'کارکرد اداری'!B:B,0),0),INDEX('کارکرد اداری'!R:R,MATCH(D50,'کارکرد اداری'!C:C,0),0))} -> #N/A | L50: {=_xlfn.IFNA(INDEX('کارکرد اداری'!S:S,MATCH(C50,'کارکرد اداری'!B:B,0),0),INDEX('کارکرد اداری'!S:S,MATCH(D50,'کارکرد اداری'!C:C,0),0))} -> #N/A | M50: {=_xlfn.IFNA(INDEX('کارکرد اداری'!P:P,MATCH(C50,'کارکرد اداری'!B:B,0),0),INDEX('کارکرد اداری'!P:P,MATCH(D50,'کارکرد اداری'!C:C,0),0))} -> #N/A | N50: {=_xlfn.IFNA(INDEX('کارکرد اداری'!Q:Q,MATCH(C50,'کارکرد اداری'!B:B,0),0),INDEX('کارکرد اداری'!Q:Q,MATCH(D50,'کارکرد اداری'!C:C,0),0))} -> #N/A | O50: =$F$1-$M$1-G50-H50-I50-J50 -> #N/A | P50: =((O50*440+M50*60+N50)-(K50*60-L50))/60 -> #N/A | Q50: {=_xlfn.IFNA(INDEX(نهایی!CW:CW,MATCH(D50,نهایی!B:B,0),0)/60,INDEX(نهایی!CW:CW,MATCH(C50,نهایی!B:B,0),0)/60)} -> 136.66667 | R50: =Q50-P50 -> #N/A | S50: =_xlfn.IFNA(INDEX(نهایی!CX:CX,MATCH(D50,نهایی!B:B,0)),INDEX(نهایی!CX:CX,MATCH(C50,نهایی!B:B,0))) -> 133.79754 | T50: =IF(S50>Q50,"",Q50-S50) -> 2.8691299 | U50: =IF(Q50>S50,"",S50-Q50) | V50: =IF(P50>S50,P50-S50,"") -> #N/A | W50: =IF(P50<S50,S50-P50,"") -> #N/A | X50: =ROUNDDOWN(IF((0.95-S50/P50)>0,(0.95-S50/P50),0)*Q50,0) -> #N/A | Y50: =ROUNDUP((IF(((S50/P50)-0.97)>0,((S50/P50)-0.97),0)*Q50)/1,0) -> #N/A | Z50: =VLOOKUP(C50,نهایی!B:B,1,0) -> #N/A | AA50: =VLOOKUP(D50,نهایی!B:B,1,0) -> 14417
C51: =_xlfn.XLOOKUP(D51,'کارکرد اداری'!$C$3:$C$106,'کارکرد اداری'!$B$3:$B$106,0,1) -> 309 | D51: 14327 | E51: محمد تباهه | G51: =_xlfn.IFNA(_xlfn.XLOOKUP(D51,'کارکرد اداری'!$C$4:$C$204,'کارکرد اداری'!$N$4:$N$204,"0",0),_xlfn.XLOOKUP(C51,'کارکرد اداری'!$C$4:$C$204,'کارکرد اداری'!$N$4:$N$204,"0",0)) -> 0 | H51: =_xlfn.XLOOKUP(D51,'کارکرد اداری'!$C$4:$C$204,'کارکرد اداری'!$K$4:$K$204,0,1) -> 0 | I51: =_xlfn.XLOOKUP(D51,'کارکرد اداری'!$C$4:$C$204,'کارکرد اداری'!$I$4:$I$204,0,1) -> 0 | J51: {=_xlfn.IFNA(INDEX('کارکرد اداری'!J:J,MATCH(C51,'کارکرد اداری'!B:B,0),0),INDEX('کارکرد اداری'!J:J,MATCH(D51,'کارکرد اداری'!C:C,0),0))} -> #N/A | K51: {=_xlfn.IFNA(INDEX('کارکرد اداری'!R:R,MATCH(C51,'کارکرد اداری'!B:B,0),0),INDEX('کارکرد اداری'!R:R,MATCH(D51,'کارکرد اداری'!C:C,0),0))} -> #N/A | L51: {=_xlfn.IFNA(INDEX('کارکرد اداری'!S:S,MATCH(C51,'کارکرد اداری'!B:B,0),0),INDEX('کارکرد اداری'!S:S,MATCH(D51,'کارکرد اداری'!C:C,0),0))} -> #N/A | M51: {=_xlfn.IFNA(INDEX('کارکرد اداری'!P:P,MATCH(C51,'کارکرد اداری'!B:B,0),0),INDEX('کارکرد اداری'!P:P,MATCH(D51,'کارکرد اداری'!C:C,0),0))} -> #N/A | N51: {=_xlfn.IFNA(INDEX('کارکرد اداری'!Q:Q,MATCH(C51,'کارکرد اداری'!B:B,0),0),INDEX('کارکرد اداری'!Q:Q,MATCH(D51,'کارکرد اداری'!C:C,0),0))} -> #N/A | O51: =$F$1-$M$1-G51-H51-I51-J51 -> #N/A | P51: =((O51*440+M51*60+N51)-(K51*60-L51))/60 -> #N/A | Q51: {=_xlfn.IFNA(INDEX(نهایی!CW:CW,MATCH(D51,نهایی!B:B,0),0)/60,INDEX(نهایی!CW:CW,MATCH(C51,نهایی!B:B,0),0)/60)} -> 133.66667 | R51: =Q51-P51 -> #N/A | S51: =_xlfn.IFNA(INDEX(نهایی!CX:CX,MATCH(D51,نهایی!B:B,0)),INDEX(نهایی!CX:CX,MATCH(C51,نهایی!B:B,0))) -> 131.00582 | T51: =IF(S51>Q51,"",Q51-S51) -> 2.6608432 | U51: =IF(Q51>S51,"",S51-Q51) | V51: =IF(P51>S51,P51-S51,"") -> #N/A | W51: =IF(P51<S51,S51-P51,"") -> #N/A | X51: =ROUNDDOWN(IF((0.95-S51/P51)>0,(0.95-S51/P51),0)*Q51,0) -> #N/A | Y51: =ROUNDUP((IF(((S51/P51)-0.97)>0,((S51/P51)-0.97),0)*Q51)/1,0) -> #N/A | Z51: =VLOOKUP(C51,نهایی!B:B,1,0) -> #N/A | AA51: =VLOOKUP(D51,نهایی!B:B,1,0) -> 14327
C52: =_xlfn.XLOOKUP(D52,'کارکرد اداری'!$C$3:$C$106,'کارکرد اداری'!$B$3:$B$106,0,1) -> 768 | D52: 14642 | E52: سیدحسین جعفری | G52: =_xlfn.IFNA(_xlfn.XLOOKUP(D52,'کارکرد اداری'!$C$4:$C$204,'کارکرد اداری'!$N$4:$N$204,"0",0),_xlfn.XLOOKUP(C52,'کارکرد اداری'!$C$4:$C$204,'کارکرد اداری'!$N$4:$N$204,"0",0)) -> 0 | H52: =_xlfn.XLOOKUP(D52,'کارکرد اداری'!$C$4:$C$204,'کارکرد اداری'!$K$4:$K$204,0,1) -> 0 | I52: =_xlfn.XLOOKUP(D52,'کارکرد اداری'!$C$4:$C$204,'کارکرد اداری'!$I$4:$I$204,0,1) -> 0 | J52: {=_xlfn.IFNA(INDEX('کارکرد اداری'!J:J,MATCH(C52,'کارکرد اداری'!B:B,0),0),INDEX('کارکرد اداری'!J:J,MATCH(D52,'کارکرد اداری'!C:C,0),0))} -> #N/A | K52: {=_xlfn.IFNA(INDEX('کارکرد اداری'!R:R,MATCH(C52,'کارکرد اداری'!B:B,0),0),INDEX('کارکرد اداری'!R:R,MATCH(D52,'کارکرد اداری'!C:C,0),0))} -> #N/A | L52: {=_xlfn.IFNA(INDEX('کارکرد اداری'!S:S,MATCH(C52,'کارکرد اداری'!B:B,0),0),INDEX('کارکرد اداری'!S:S,MATCH(D52,'کارکرد اداری'!C:C,0),0))} -> #N/A | M52: {=_xlfn.IFNA(INDEX('کارکرد اداری'!P:P,MATCH(C52,'کارکرد اداری'!B:B,0),0),INDEX('کارکرد اداری'!P:P,MATCH(D52,'کارکرد اداری'!C:C,0),0))} -> #N/A | N52: {=_xlfn.IFNA(INDEX('کارکرد اداری'!Q:Q,MATCH(C52,'کارکرد اداری'!B:B,0),0),INDEX('کارکرد اداری'!Q:Q,MATCH(D52,'کارکرد اداری'!C:C,0),0))} -> #N/A | O52: =$F$1-$M$1-G52-H52-I52-J52 -> #N/A | P52: =((O52*440+M52*60+N52)-(K52*60-L52))/60 -> #N/A | Q52: {=_xlfn.IFNA(INDEX(نهایی!CW:CW,MATCH(D52,نهایی!B:B,0),0)/60,INDEX(نهایی!CW:CW,MATCH(C52,نهایی!B:B,0),0)/60)} -> 136.66667 | R52: =Q52-P52 -> #N/A | S52: =_xlfn.IFNA(INDEX(نهایی!CX:CX,MATCH(D52,نهایی!B:B,0)),INDEX(نهایی!CX:CX,MATCH(C52,نهایی!B:B,0))) -> 133.51331 | T52: =IF(S52>Q52,"",Q52-S52) -> 3.1533598 | U52: =IF(Q52>S52,"",S52-Q52) | V52: =IF(P52>S52,P52-S52,"") -> #N/A | W52: =IF(P52<S52,S52-P52,"") -> #N/A | X52: =ROUNDDOWN(IF((0.95-S52/P52)>0,(0.95-S52/P52),0)*Q52,0) -> #N/A | Y52: =ROUNDUP((IF(((S52/P52)-0.97)>0,((S52/P52)-0.97),0)*Q52)/1,0) -> #N/A | Z52: =VLOOKUP(C52,نهایی!B:B,1,0) -> #N/A | AA52: =VLOOKUP(D52,نهایی!B:B,1,0) -> 14642
A53: آموزشی | B53: RTF | C53: 1165 | D53: 1165 | E53: جواد عبداللهی | G53: =_xlfn.IFNA(_xlfn.XLOOKUP(D53,'کارکرد اداری'!$C$4:$C$204,'کارکرد اداری'!$N$4:$N$204,"0",0),_xlfn.XLOOKUP(C53,'کارکرد اداری'!$C$4:$C$204,'کارکرد اداری'!$N$4:$N$204,"0",0)) -> #N/A | H53: =_xlfn.XLOOKUP(D53,'کارکرد اداری'!$C$4:$C$204,'کارکرد اداری'!$K$4:$K$204,0,1) -> 0 | I53: =_xlfn.XLOOKUP(D53,'کارکرد اداری'!$C$4:$C$204,'کارکرد اداری'!$I$4:$I$204,0,1) -> 0 | J53: {=_xlfn.IFNA(INDEX('کارکرد اداری'!J:J,MATCH(C53,'کارکرد اداری'!B:B,0),0),INDEX('کارکرد اداری'!J:J,MATCH(D53,'کارکرد اداری'!C:C,0),0))} -> #N/A | K53: {=_xlfn.IFNA(INDEX('کارکرد اداری'!R:R,MATCH(C53,'کارکرد اداری'!B:B,0),0),INDEX('کارکرد اداری'!R:R,MATCH(D53,'کارکرد اداری'!C:C,0),0))} -> #N/A | L53: {=_xlfn.IFNA(INDEX('کارکرد اداری'!S:S,MATCH(C53,'کارکرد اداری'!B:B,0),0),INDEX('کارکرد اداری'!S:S,MATCH(D53,'کارکرد اداری'!C:C,0),0))} -> #N/A | M53: {=_xlfn.IFNA(INDEX('کارکرد اداری'!P:P,MATCH(C53,'کارکرد اداری'!B:B,0),0),INDEX('کارکرد اداری'!P:P,MATCH(D53,'کارکرد اداری'!C:C,0),0))} -> #N/A | N53: {=_xlfn.IFNA(INDEX('کارکرد اداری'!Q:Q,MATCH(C53,'کارکرد اداری'!B:B,0),0),INDEX('کارکرد اداری'!Q:Q,MATCH(D53,'کارکرد اداری'!C:C,0),0))} -> #N/A | O53: =$F$1-$M$1-G53-H53-I53-J53 -> #N/A | P53: =((O53*440+M53*60+N53)-(K53*60-L53))/60 -> #N/A | Q53: {=_xlfn.IFNA(INDEX(نهایی!CW:CW,MATCH(D53,نهایی!B:B,0),0)/60,INDEX(نهایی!CW:CW,MATCH(C53,نهایی!B:B,0),0)/60)} -> 166.66667 | R53: =Q53-P53 -> #N/A | S53: =_xlfn.IFNA(INDEX(نهایی!CX:CX,MATCH(D53,نهایی!B:B,0)),INDEX(نهایی!CX:CX,MATCH(C53,نهایی!B:B,0))) -> 162.10096 | T53: =IF(S53>Q53,"",Q53-S53) -> 4.5657086 | U53: =IF(Q53>S53,"",S53-Q53) | V53: =IF(P53>S53,P53-S53,"") -> #N/A | W53: =IF(P53<S53,S53-P53,"") -> #N/A | X53: =ROUNDDOWN(IF((0.95-S53/P53)>0,(0.95-S53/P53),0)*Q53,0) -> #N/A | Y53: =ROUNDUP((IF(((S53/P53)-0.97)>0,((S53/P53)-0.97),0)*Q53)/1,0) -> #N/A | Z53: =VLOOKUP(C53,نهایی!B:B,1,0) -> 1165 | AA53: =VLOOKUP(D53,نهایی!B:B,1,0) -> 1165
A54: آموزشی | B54: RTF | C54: =_xlfn.XLOOKUP(D54,'کارکرد اداری'!$C$3:$C$106,'کارکرد اداری'!$B$3:$B$106,0,1) -> 1142 | D54: 14923 | E54: ابوالفضل رمضانی | G54: =_xlfn.IFNA(_xlfn.XLOOKUP(D54,'کارکرد اداری'!$C$4:$C$204,'کارکرد اداری'!$N$4:$N$204,"0",0),_xlfn.XLOOKUP(C54,'کارکرد اداری'!$C$4:$C$204,'کارکرد اداری'!$N$4:$N$204,"0",0)) -> 0 | H54: =_xlfn.XLOOKUP(D54,'کارکرد اداری'!$C$4:$C$204,'کارکرد اداری'!$K$4:$K$204,0,1) -> 0 | I54: =_xlfn.XLOOKUP(D54,'کارکرد اداری'!$C$4:$C$204,'کارکرد اداری'!$I$4:$I$204,0,1) -> 0 | J54: {=_xlfn.IFNA(INDEX('کارکرد اداری'!J:J,MATCH(C54,'کارکرد اداری'!B:B,0),0),INDEX('کارکرد اداری'!J:J,MATCH(D54,'کارکرد اداری'!C:C,0),0))} -> #N/A | K54: {=_xlfn.IFNA(INDEX('کارکرد اداری'!R:R,MATCH(C54,'کارکرد اداری'!B:B,0),0),INDEX('کارکرد اداری'!R:R,MATCH(D54,'کارکرد اداری'!C:C,0),0))} -> #N/A | L54: {=_xlfn.IFNA(INDEX('کارکرد اداری'!S:S,MATCH(C54,'کارکرد اداری'!B:B,0),0),INDEX('کارکرد اداری'!S:S,MATCH(D54,'کارکرد اداری'!C:C,0),0))} -> #N/A | M54: {=_xlfn.IFNA(INDEX('کارکرد اداری'!P:P,MATCH(C54,'کارکرد اداری'!B:B,0),0),INDEX('کارکرد اداری'!P:P,MATCH(D54,'کارکرد اداری'!C:C,0),0))} -> #N/A | N54: {=_xlfn.IFNA(INDEX('کارکرد اداری'!Q:Q,MATCH(C54,'کارکرد اداری'!B:B,0),0),INDEX('کارکرد اداری'!Q:Q,MATCH(D54,'کارکرد اداری'!C:C,0),0))} -> #N/A | O54: =$F$1-$M$1-G54-H54-I54-J54 -> #N/A | P54: =((O54*440+M54*60+N54)-(K54*60-L54))/60 -> #N/A | Q54: {=_xlfn.IFNA(INDEX(نهایی!CW:CW,MATCH(D54,نهایی!B:B,0),0)/60,INDEX(نهایی!CW:CW,MATCH(C54,نهایی!B:B,0),0)/60)} -> 156.33333 | R54: =Q54-P54 -> #N/A | S54: =_xlfn.IFNA(INDEX(نهایی!CX:CX,MATCH(D54,نهایی!B:B,0)),INDEX(نهایی!CX:CX,MATCH(C54,نهایی!B:B,0))) -> 151.59764 | T54: =IF(S54>Q54,"",Q54-S54) -> 4.73569 | U54: =IF(Q54>S54,"",S54-Q54) | V54: =IF(P54>S54,P54-S54,"") -> #N/A | W54: =IF(P54<S54,S54-P54,"") -> #N/A | X54: =ROUNDDOWN(IF((0.95-S54/P54)>0,(0.95-S54/P54),0)*Q54,0) -> #N/A | Y54: =ROUNDUP((IF(((S54/P54)-0.97)>0,((S54/P54)-0.97),0)*Q54)/1,0) -> #N/A | Z54: =VLOOKUP(C54,نهایی!B:B,1,0) -> 1142 | AA54: =VLOOKUP(D54,نهایی!B:B,1,0) -> #N/A
A55: آموزشی | C55: 1161 | D55: 1161 | E55: میلاد رفعت | G55: =_xlfn.IFNA(_xlfn.XLOOKUP(D55,'کارکرد اداری'!$C$4:$C$204,'کارکرد اداری'!$N$4:$N$204,"0",0),_xlfn.XLOOKUP(C55,'کارکرد اداری'!$C$4:$C$204,'کارکرد اداری'!$N$4:$N$204,"0",0)) -> #N/A | H55: =_xlfn.XLOOKUP(D55,'کارکرد اداری'!$C$4:$C$204,'کارکرد اداری'!$K$4:$K$204,0,1) -> 0 | I55: =_xlfn.XLOOKUP(D55,'کارکرد اداری'!$C$4:$C$204,'کارکرد اداری'!$I$4:$I$204,0,1) -> 0 | J55: {=_xlfn.IFNA(INDEX('کارکرد اداری'!J:J,MATCH(C55,'کارکرد اداری'!B:B,0),0),INDEX('کارکرد اداری'!J:J,MATCH(D55,'کارکرد اداری'!C:C,0),0))} -> #N/A | K55: {=_xlfn.IFNA(INDEX('کارکرد اداری'!R:R,MATCH(C55,'کارکرد اداری'!B:B,0),0),INDEX('کارکرد اداری'!R:R,MATCH(D55,'کارکرد اداری'!C:C,0),0))} -> #N/A | L55: {=_xlfn.IFNA(INDEX('کارکرد اداری'!S:S,MATCH(C55,'کارکرد اداری'!B:B,0),0),INDEX('کارکرد اداری'!S:S,MATCH(D55,'کارکرد اداری'!C:C,0),0))} -> #N/A | M55: {=_xlfn.IFNA(INDEX('کارکرد اداری'!P:P,MATCH(C55,'کارکرد اداری'!B:B,0),0),INDEX('کارکرد اداری'!P:P,MATCH(D55,'کارکرد اداری'!C:C,0),0))} -> #N/A | N55: {=_xlfn.IFNA(INDEX('کارکرد اداری'!Q:Q,MATCH(C55,'کارکرد اداری'!B:B,0),0),INDEX('کارکرد اداری'!Q:Q,MATCH(D55,'کارکرد اداری'!C:C,0),0))} -> #N/A | O55: =$F$1-$M$1-G55-H55-I55-J55 -> #N/A | P55: =((O55*440+M55*60+N55)-(K55*60-L55))/60 -> #N/A | Q55: {=_xlfn.IFNA(INDEX(نهایی!CW:CW,MATCH(D55,نهایی!B:B,0),0)/60,INDEX(نهایی!CW:CW,MATCH(C55,نهایی!B:B,0),0)/60)} -> 119 | R55: =Q55-P55 -> #N/A | S55: =_xlfn.IFNA(INDEX(نهایی!CX:CX,MATCH(D55,نهایی!B:B,0)),INDEX(نهایی!CX:CX,MATCH(C55,نهایی!B:B,0))) -> 115.65826 | T55: =IF(S55>Q55,"",Q55-S55) -> 3.3417367 | U55: =IF(Q55>S55,"",S55-Q55) | V55: =IF(P55>S55,P55-S55,"") -> #N/A | W55: =IF(P55<S55,S55-P55,"") -> #N/A | X55: =ROUNDDOWN(IF((0.95-S55/P55)>0,(0.95-S55/P55),0)*Q55,0) -> #N/A | Y55: =ROUNDUP((IF(((S55/P55)-0.97)>0,((S55/P55)-0.97),0)*Q55)/1,0) -> #N/A | Z55: =VLOOKUP(C55,نهایی!B:B,1,0) -> 1161 | AA55: =VLOOKUP(D55,نهایی!B:B,1,0) -> 1161
C56: 1136 | D56: 1136 | E56: مصطفی صمدی | G56: =_xlfn.IFNA(_xlfn.XLOOKUP(D56,'کارکرد اداری'!$C$4:$C$204,'کارکرد اداری'!$N$4:$N$204,"0",0),_xlfn.XLOOKUP(C56,'کارکرد اداری'!$C$4:$C$204,'کارکرد اداری'!$N$4:$N$204,"0",0)) -> #N/A | H56: =_xlfn.XLOOKUP(D56,'کارکرد اداری'!$C$4:$C$204,'کارکرد اداری'!$K$4:$K$204,0,1) -> 0 | I56: =_xlfn.XLOOKUP(D56,'کارکرد اداری'!$C$4:$C$204,'کارکرد اداری'!$I$4:$I$204,0,1) -> 0 | J56: {=_xlfn.IFNA(INDEX('کارکرد اداری'!J:J,MATCH(C56,'کارکرد اداری'!B:B,0),0),INDEX('کارکرد اداری'!J:J,MATCH(D56,'کارکرد اداری'!C:C,0),0))} -> #N/A | K56: {=_xlfn.IFNA(INDEX('کارکرد اداری'!R:R,MATCH(C56,'کارکرد اداری'!B:B,0),0),INDEX('کارکرد اداری'!R:R,MATCH(D56,'کارکرد اداری'!C:C,0),0))} -> #N/A | L56: {=_xlfn.IFNA(INDEX('کارکرد اداری'!S:S,MATCH(C56,'کارکرد اداری'!B:B,0),0),INDEX('کارکرد اداری'!S:S,MATCH(D56,'کارکرد اداری'!C:C,0),0))} -> #N/A | M56: {=_xlfn.IFNA(INDEX('کارکرد اداری'!P:P,MATCH(C56,'کارکرد اداری'!B:B,0),0),INDEX('کارکرد اداری'!P:P,MATCH(D56,'کارکرد اداری'!C:C,0),0))} -> #N/A | N56: {=_xlfn.IFNA(INDEX('کارکرد اداری'!Q:Q,MATCH(C56,'کارکرد اداری'!B:B,0),0),INDEX('کارکرد اداری'!Q:Q,MATCH(D56,'کارکرد اداری'!C:C,0),0))} -> #N/A | O56: =$F$1-$M$1-G56-H56-I56-J56 -> #N/A | P56: =((O56*440+M56*60+N56)-(K56*60-L56))/60 -> #N/A | Q56: {=_xlfn.IFNA(INDEX(نهایی!CW:CW,MATCH(D56,نهایی!B:B,0),0)/60,INDEX(نهایی!CW:CW,MATCH(C56,نهایی!B:B,0),0)/60)} -> 136.66667 | R56: =Q56-P56 -> #N/A | S56: =_xlfn.IFNA(INDEX(نهایی!CX:CX,MATCH(D56,نهایی!B:B,0)),INDEX(نهایی!CX:CX,MATCH(C56,نهایی!B:B,0))) -> 132.83869 | T56: =IF(S56>Q56,"",Q56-S56) -> 3.8279812 | U56: =IF(Q56>S56,"",S56-Q56) | V56: =IF(P56>S56,P56-S56,"") -> #N/A | W56: =IF(P56<S56,S56-P56,"") -> #N/A | X56: =ROUNDDOWN(IF((0.95-S56/P56)>0,(0.95-S56/P56),0)*Q56,0) -> #N/A | Y56: =ROUNDUP((IF(((S56/P56)-0.97)>0,((S56/P56)-0.97),0)*Q56)/1,0) -> #N/A | Z56: =VLOOKUP(C56,نهایی!B:B,1,0) -> 1136 | AA56: =VLOOKUP(D56,نهایی!B:B,1,0) -> 1136
A57: آموزشی | C57: =_xlfn.XLOOKUP(D57,'کارکرد اداری'!$C$3:$C$106,'کارکرد اداری'!$B$3:$B$106,0,1) -> 1136 | D57: 1133 | E57: ناهید وحدتی اخلاقی | G57: =_xlfn.IFNA(_xlfn.XLOOKUP(D57,'کارکرد اداری'!$C$4:$C$204,'کارکرد اداری'!$N$4:$N$204,"0",0),_xlfn.XLOOKUP(C57,'کارکرد اداری'!$C$4:$C$204,'کارکرد اداری'!$N$4:$N$204,"0",0)) -> 0 | H57: =_xlfn.XLOOKUP(D57,'کارکرد اداری'!$C$4:$C$204,'کارکرد اداری'!$K$4:$K$204,0,1) -> 0 | I57: =_xlfn.XLOOKUP(D57,'کارکرد اداری'!$C$4:$C$204,'کارکرد اداری'!$I$4:$I$204,0,1) -> 0 | J57: {=_xlfn.IFNA(INDEX('کارکرد اداری'!J:J,MATCH(C57,'کارکرد اداری'!B:B,0),0),INDEX('کارکرد اداری'!J:J,MATCH(D57,'کارکرد اداری'!C:C,0),0))} -> #N/A | K57: {=_xlfn.IFNA(INDEX('کارکرد اداری'!R:R,MATCH(C57,'کارکرد اداری'!B:B,0),0),INDEX('کارکرد اداری'!R:R,MATCH(D57,'کارکرد اداری'!C:C,0),0))} -> #N/A | L57: {=_xlfn.IFNA(INDEX('کارکرد اداری'!S:S,MATCH(C57,'کارکرد اداری'!B:B,0),0),INDEX('کارکرد اداری'!S:S,MATCH(D57,'کارکرد اداری'!C:C,0),0))} -> #N/A | M57: {=_xlfn.IFNA(INDEX('کارکرد اداری'!P:P,MATCH(C57,'کارکرد اداری'!B:B,0),0),INDEX('کارکرد اداری'!P:P,MATCH(D57,'کارکرد اداری'!C:C,0),0))} -> #N/A | N57: {=_xlfn.IFNA(INDEX('کارکرد اداری'!Q:Q,MATCH(C57,'کارکرد اداری'!B:B,0),0),INDEX('کارکرد اداری'!Q:Q,MATCH(D57,'کارکرد اداری'!C:C,0),0))} -> #N/A | O57: =$F$1-$M$1-G57-H57-I57-J57 -> #N/A | P57: =((O57*440+M57*60+N57)-(K57*60-L57))/60 -> #N/A | Q57: {=_xlfn.IFNA(INDEX(نهایی!CW:CW,MATCH(D57,نهایی!B:B,0),0)/60,INDEX(نهایی!CW:CW,MATCH(C57,نهایی!B:B,0),0)/60)} -> 136.66667 | R57: =Q57-P57 -> #N/A | S57: =_xlfn.IFNA(INDEX(نهایی!CX:CX,MATCH(D57,نهایی!B:B,0)),INDEX(نهایی!CX:CX,MATCH(C57,نهایی!B:B,0))) -> 132.83869 | T57: =IF(S57>Q57,"",Q57-S57) -> 3.8279812 | U57: =IF(Q57>S57,"",S57-Q57) | V57: =IF(P57>S57,P57-S57,"") -> #N/A | W57: =IF(P57<S57,S57-P57,"") -> #N/A | X57: =ROUNDDOWN(IF((0.95-S57/P57)>0,(0.95-S57/P57),0)*Q57,0) -> #N/A | Y57: =ROUNDUP((IF(((S57/P57)-0.97)>0,((S57/P57)-0.97),0)*Q57)/1,0) -> #N/A | Z57: =VLOOKUP(C57,نهایی!B:B,1,0) -> 1136 | AA57: =VLOOKUP(D57,نهایی!B:B,1,0) -> #N/A
C58: =_xlfn.XLOOKUP(D58,'کارکرد اداری'!$C$3:$C$106,'کارکرد اداری'!$B$3:$B$106,0,1) -> 1086 | D58: 14881 | E58: سیدمهدی صلاحی | G58: =_xlfn.IFNA(_xlfn.XLOOKUP(D58,'کارکرد اداری'!$C$4:$C$204,'کارکرد اداری'!$N$4:$N$204,"0",0),_xlfn.XLOOKUP(C58,'کارکرد اداری'!$C$4:$C$204,'کارکرد اداری'!$N$4:$N$204,"0",0)) -> 0 | H58: =_xlfn.XLOOKUP(D58,'کارکرد اداری'!$C$4:$C$204,'کارکرد اداری'!$K$4:$K$204,0,1) -> 0 | I58: =_xlfn.XLOOKUP(D58,'کارکرد اداری'!$C$4:$C$204,'کارکرد اداری'!$I$4:$I$204,0,1) -> 0 | J58: {=_xlfn.IFNA(INDEX('کارکرد اداری'!J:J,MATCH(C58,'کارکرد اداری'!B:B,0),0),INDEX('کارکرد اداری'!J:J,MATCH(D58,'کارکرد اداری'!C:C,0),0))} -> #N/A | K58: {=_xlfn.IFNA(INDEX('کارکرد اداری'!R:R,MATCH(C58,'کارکرد اداری'!B:B,0),0),INDEX('کارکرد اداری'!R:R,MATCH(D58,'کارکرد اداری'!C:C,0),0))} -> #N/A | L58: {=_xlfn.IFNA(INDEX('کارکرد اداری'!S:S,MATCH(C58,'کارکرد اداری'!B:B,0),0),INDEX('کارکرد اداری'!S:S,MATCH(D58,'کارکرد اداری'!C:C,0),0))} -> #N/A | M58: {=_xlfn.IFNA(INDEX('کارکرد اداری'!P:P,MATCH(C58,'کارکرد اداری'!B:B,0),0),INDEX('کارکرد اداری'!P:P,MATCH(D58,'کارکرد اداری'!C:C,0),0))} -> #N/A | N58: {=_xlfn.IFNA(INDEX('کارکرد اداری'!Q:Q,MATCH(C58,'کارکرد اداری'!B:B,0),0),INDEX('کارکرد اداری'!Q:Q,MATCH(D58,'کارکرد اداری'!C:C,0),0))} -> #N/A | O58: =$F$1-$M$1-G58-H58-I58-J58 -> #N/A | P58: =((O58*440+M58*60+N58)-(K58*60-L58))/60 -> #N/A | Q58: {=_xlfn.IFNA(INDEX(نهایی!CW:CW,MATCH(D58,نهایی!B:B,0),0)/60,INDEX(نهایی!CW:CW,MATCH(C58,نهایی!B:B,0),0)/60)} -> 136.66667 | R58: =Q58-P58 -> #N/A | S58: =_xlfn.IFNA(INDEX(نهایی!CX:CX,MATCH(D58,نهایی!B:B,0)),INDEX(نهایی!CX:CX,MATCH(C58,نهایی!B:B,0))) -> 133.23891 | T58: =IF(S58>Q58,"",Q58-S58) -> 3.4277526 | U58: =IF(Q58>S58,"",S58-Q58) | V58: =IF(P58>S58,P58-S58,"") -> #N/A | W58: =IF(P58<S58,S58-P58,"") -> #N/A | X58: =ROUNDDOWN(IF((0.95-S58/P58)>0,(0.95-S58/P58),0)*Q58,0) -> #N/A | Y58: =ROUNDUP((IF(((S58/P58)-0.97)>0,((S58/P58)-0.97),0)*Q58)/1,0) -> #N/A | Z58: =VLOOKUP(C58,نهایی!B:B,1,0) -> 1086 | AA58: =VLOOKUP(D58,نهایی!B:B,1,0) -> #N/A
A59: آموزشی | B59: RTF | C59: =_xlfn.XLOOKUP(D59,'کارکرد اداری'!$C$3:$C$106,'کارکرد اداری'!$B$3:$B$106,0,1) -> 1146 | D59: 14922 | E59: مهدی ایزی | G59: =_xlfn.IFNA(_xlfn.XLOOKUP(D59,'کارکرد اداری'!$C$4:$C$204,'کارکرد اداری'!$N$4:$N$204,"0",0),_xlfn.XLOOKUP(C59,'کارکرد اداری'!$C$4:$C$204,'کارکرد اداری'!$N$4:$N$204,"0",0)) -> 0 | H59: =_xlfn.XLOOKUP(D59,'کارکرد اداری'!$C$4:$C$204,'کارکرد اداری'!$K$4:$K$204,0,1) -> 0 | I59: =_xlfn.XLOOKUP(D59,'کارکرد اداری'!$C$4:$C$204,'کارکرد اداری'!$I$4:$I$204,0,1) -> 0 | J59: {=_xlfn.IFNA(INDEX('کارکرد اداری'!J:J,MATCH(C59,'کارکرد اداری'!B:B,0),0),INDEX('کارکرد اداری'!J:J,MATCH(D59,'کارکرد اداری'!C:C,0),0))} -> #N/A | K59: {=_xlfn.IFNA(INDEX('کارکرد اداری'!R:R,MATCH(C59,'کارکرد اداری'!B:B,0),0),INDEX('کارکرد اداری'!R:R,MATCH(D59,'کارکرد اداری'!C:C,0),0))} -> #N/A | L59: {=_xlfn.IFNA(INDEX('کارکرد اداری'!S:S,MATCH(C59,'کارکرد اداری'!B:B,0),0),INDEX('کارکرد اداری'!S:S,MATCH(D59,'کارکرد اداری'!C:C,0),0))} -> #N/A | M59: {=_xlfn.IFNA(INDEX('کارکرد اداری'!P:P,MATCH(C59,'کارکرد اداری'!B:B,0),0),INDEX('کارکرد اداری'!P:P,MATCH(D59,'کارکرد اداری'!C:C,0),0))} -> #N/A | N59: {=_xlfn.IFNA(INDEX('کارکرد اداری'!Q:Q,MATCH(C59,'کارکرد اداری'!B:B,0),0),INDEX('کارکرد اداری'!Q:Q,MATCH(D59,'کارکرد اداری'!C:C,0),0))} -> #N/A | O59: =$F$1-$M$1-G59-H59-I59-J59 -> #N/A | P59: =((O59*440+M59*60+N59)-(K59*60-L59))/60 -> #N/A | Q59: {=_xlfn.IFNA(INDEX(نهایی!CW:CW,MATCH(D59,نهایی!B:B,0),0)/60,INDEX(نهایی!CW:CW,MATCH(C59,نهایی!B:B,0),0)/60)} -> 127.33333 | R59: =Q59-P59 -> #N/A | S59: =_xlfn.IFNA(INDEX(نهایی!CX:CX,MATCH(D59,نهایی!B:B,0)),INDEX(نهایی!CX:CX,MATCH(C59,نهایی!B:B,0))) -> 123.16853 | T59: =IF(S59>Q59,"",Q59-S59) -> 4.1648019 | U59: =IF(Q59>S59,"",S59-Q59) | V59: =IF(P59>S59,P59-S59,"") -> #N/A | W59: =IF(P59<S59,S59-P59,"") -> #N/A | X59: =ROUNDDOWN(IF((0.95-S59/P59)>0,(0.95-S59/P59),0)*Q59,0) -> #N/A | Y59: =ROUNDUP((IF(((S59/P59)-0.97)>0,((S59/P59)-0.97),0)*Q59)/1,0) -> #N/A | Z59: =VLOOKUP(C59,نهایی!B:B,1,0) -> 1146 | AA59: =VLOOKUP(D59,نهایی!B:B,1,0) -> #N/A
A60: تزریق | B60: فیوز | C60: =_xlfn.XLOOKUP(D60,'کارکرد اداری'!$C$3:$C$106,'کارکرد اداری'!$B$3:$B$106,0,1) -> 109 | D60: 14162 | E60: طیبه میامی میم | G60: =_xlfn.IFNA(_xlfn.XLOOKUP(D60,'کارکرد اداری'!$C$4:$C$204,'کارکرد اداری'!$N$4:$N$204,"0",0),_xlfn.XLOOKUP(C60,'کارکرد اداری'!$C$4:$C$204,'کارکرد اداری'!$N$4:$N$204,"0",0)) -> 0 | H60: =_xlfn.XLOOKUP(D60,'کارکرد اداری'!$C$4:$C$204,'کارکرد اداری'!$K$4:$K$204,0,1) -> 0 | I60: =_xlfn.XLOOKUP(D60,'کارکرد اداری'!$C$4:$C$204,'کارکرد اداری'!$I$4:$I$204,0,1) -> 0 | J60: {=_xlfn.IFNA(INDEX('کارکرد اداری'!J:J,MATCH(C60,'کارکرد اداری'!B:B,0),0),INDEX('کارکرد اداری'!J:J,MATCH(D60,'کارکرد اداری'!C:C,0),0))} -> #N/A | K60: {=_xlfn.IFNA(INDEX('کارکرد اداری'!R:R,MATCH(C60,'کارکرد اداری'!B:B,0),0),INDEX('کارکرد اداری'!R:R,MATCH(D60,'کارکرد اداری'!C:C,0),0))} -> #N/A | L60: {=_xlfn.IFNA(INDEX('کارکرد اداری'!S:S,MATCH(C60,'کارکرد اداری'!B:B,0),0),INDEX('کارکرد اداری'!S:S,MATCH(D60,'کارکرد اداری'!C:C,0),0))} -> #N/A | M60: {=_xlfn.IFNA(INDEX('کارکرد اداری'!P:P,MATCH(C60,'کارکرد اداری'!B:B,0),0),INDEX('کارکرد اداری'!P:P,MATCH(D60,'کارکرد اداری'!C:C,0),0))} -> #N/A | N60: {=_xlfn.IFNA(INDEX('کارکرد اداری'!Q:Q,MATCH(C60,'کارکرد اداری'!B:B,0),0),INDEX('کارکرد اداری'!Q:Q,MATCH(D60,'کارکرد اداری'!C:C,0),0))} -> #N/A | O60: =$F$1-$M$1-G60-H60-I60-J60-1 -> #N/A | P60: =((O60*440+M60*60+N60)-(K60*60-L60))/60 -> #N/A | Q60: {=_xlfn.IFNA(INDEX(نهایی!CW:CW,MATCH(D60,نهایی!B:B,0),0)/60,INDEX(نهایی!CW:CW,MATCH(C60,نهایی!B:B,0),0)/60)} -> 106 | R60: =Q60-P60 -> #N/A | S60: =_xlfn.IFNA(INDEX(نهایی!CX:CX,MATCH(D60,نهایی!B:B,0)),INDEX(نهایی!CX:CX,MATCH(C60,نهایی!B:B,0))) -> 106.07108 | T60: =IF(S60>Q60,"",Q60-S60) | U60: =IF(Q60>S60,"",S60-Q60) -> 0.071079909 | V60: =IF(P60>S60,P60-S60,"") -> #N/A | W60: =IF(P60<S60,S60-P60,"") -> #N/A | X60: =ROUNDDOWN(IF((0.95-S60/P60)>0,(0.95-S60/P60),0)*Q60,0) -> #N/A | Y60: =ROUNDUP((IF(((S60/P60)-0.97)>0,((S60/P60)-0.97),0)*Q60)/1,0) -> #N/A | Z60: =VLOOKUP(C60,نهایی!B:B,1,0) -> #N/A | AA60: =VLOOKUP(D60,نهایی!B:B,1,0) -> 14162
A61: تزریق | B61: کنتور | C61: =_xlfn.XLOOKUP(D61,'کارکرد اداری'!$C$3:$C$106,'کارکرد اداری'!$B$3:$B$106,0,1) -> 981 | D61: 14775 | E61: گوهر کرمی | G61: =_xlfn.IFNA(_xlfn.XLOOKUP(D61,'کارکرد اداری'!$C$4:$C$204,'کارکرد اداری'!$N$4:$N$204,"0",0),_xlfn.XLOOKUP(C61,'کارکرد اداری'!$C$4:$C$204,'کارکرد اداری'!$N$4:$N$204,"0",0)) -> 0 | H61: =_xlfn.XLOOKUP(D61,'کارکرد اداری'!$C$4:$C$204,'کارکرد اداری'!$K$4:$K$204,0,1) -> 0 | I61: =_xlfn.XLOOKUP(D61,'کارکرد اداری'!$C$4:$C$204,'کارکرد اداری'!$I$4:$I$204,0,1) -> 0 | J61: {=_xlfn.IFNA(INDEX('کارکرد اداری'!J:J,MATCH(C61,'کارکرد اداری'!B:B,0),0),INDEX('کارکرد اداری'!J:J,MATCH(D61,'کارکرد اداری'!C:C,0),0))} -> #N/A | K61: {=_xlfn.IFNA(INDEX('کارکرد اداری'!R:R,MATCH(C61,'کارکرد اداری'!B:B,0),0),INDEX('کارکرد اداری'!R:R,MATCH(D61,'کارکرد اداری'!C:C,0),0))} -> #N/A | L61: {=_xlfn.IFNA(INDEX('کارکرد اداری'!S:S,MATCH(C61,'کارکرد اداری'!B:B,0),0),INDEX('کارکرد اداری'!S:S,MATCH(D61,'کارکرد اداری'!C:C,0),0))} -> #N/A | M61: {=_xlfn.IFNA(INDEX('کارکرد اداری'!P:P,MATCH(C61,'کارکرد اداری'!B:B,0),0),INDEX('کارکرد اداری'!P:P,MATCH(D61,'کارکرد اداری'!C:C,0),0))} -> #N/A | N61: {=_xlfn.IFNA(INDEX('کارکرد اداری'!Q:Q,MATCH(C61,'کارکرد اداری'!B:B,0),0),INDEX('کارکرد اداری'!Q:Q,MATCH(D61,'کارکرد اداری'!C:C,0),0))} -> #N/A | O61: =$F$1-$M$1-G61-H61-I61-J61-1 -> #N/A | P61: =((O61*440+M61*60+N61)-(K61*60-L61))/60 -> #N/A | Q61: {=_xlfn.IFNA(INDEX(نهایی!CW:CW,MATCH(D61,نهایی!B:B,0),0)/60,INDEX(نهایی!CW:CW,MATCH(C61,نهایی!B:B,0),0)/60)} -> 122 | R61: =Q61-P61 -> #N/A | S61: =_xlfn.IFNA(INDEX(نهایی!CX:CX,MATCH(D61,نهایی!B:B,0)),INDEX(نهایی!CX:CX,MATCH(C61,نهایی!B:B,0))) -> 119.20875 | T61: =IF(S61>Q61,"",Q61-S61) -> 2.7912528 | U61: =IF(Q61>S61,"",S61-Q61) | V61: =IF(P61>S61,P61-S61,"") -> #N/A | W61: =IF(P61<S61,S61-P61,"") -> #N/A | X61: =ROUNDDOWN(IF((0.95-S61/P61)>0,(0.95-S61/P61),0)*Q61,0) -> #N/A | Y61: =ROUNDUP((IF(((S61/P61)-0.97)>0,((S61/P61)-0.97),0)*Q61)/1,0) -> #N/A | Z61: =VLOOKUP(C61,نهایی!B:B,1,0) -> 981 | AA61: =VLOOKUP(D61,نهایی!B:B,1,0) -> #N/A
A62: پایه کنتور | C62: 1158 | D62: 14409 | E62: محمد روانستان | G62: =_xlfn.IFNA(_xlfn.XLOOKUP(D62,'کارکرد اداری'!$C$4:$C$204,'کارکرد اداری'!$N$4:$N$204,"0",0),_xlfn.XLOOKUP(C62,'کارکرد اداری'!$C$4:$C$204,'کارکرد اداری'!$N$4:$N$204,"0",0)) -> 0 | H62: =_xlfn.XLOOKUP(D62,'کارکرد اداری'!$C$4:$C$204,'کارکرد اداری'!$K$4:$K$204,0,1) -> 0 | I62: =_xlfn.XLOOKUP(D62,'کارکرد اداری'!$C$4:$C$204,'کارکرد اداری'!$I$4:$I$204,0,1) -> 0 | J62: {=_xlfn.IFNA(INDEX('کارکرد اداری'!J:J,MATCH(C62,'کارکرد اداری'!B:B,0),0),INDEX('کارکرد اداری'!J:J,MATCH(D62,'کارکرد اداری'!C:C,0),0))} -> #N/A | K62: {=_xlfn.IFNA(INDEX('کارکرد اداری'!R:R,MATCH(C62,'کارکرد اداری'!B:B,0),0),INDEX('کارکرد اداری'!R:R,MATCH(D62,'کارکرد اداری'!C:C,0),0))} -> #N/A | L62: {=_xlfn.IFNA(INDEX('کارکرد اداری'!S:S,MATCH(C62,'کارکرد اداری'!B:B,0),0),INDEX('کارکرد اداری'!S:S,MATCH(D62,'کارکرد اداری'!C:C,0),0))} -> #N/A | M62: {=_xlfn.IFNA(INDEX('کارکرد اداری'!P:P,MATCH(C62,'کارکرد اداری'!B:B,0),0),INDEX('کارکرد اداری'!P:P,MATCH(D62,'کارکرد اداری'!C:C,0),0))} -> #N/A | N62: {=_xlfn.IFNA(INDEX('کارکرد اداری'!Q:Q,MATCH(C62,'کارکرد اداری'!B:B,0),0),INDEX('کارکرد اداری'!Q:Q,MATCH(D62,'کارکرد اداری'!C:C,0),0))} -> #N/A | O62: =$F$1-$M$1-G62-H62-I62-J62 -> #N/A | P62: =((O62*440+M62*60+N62)-(K62*60-L62))/60 -> #N/A | Q62: {=_xlfn.IFNA(INDEX(نهایی!CW:CW,MATCH(D62,نهایی!B:B,0),0)/60,INDEX(نهایی!CW:CW,MATCH(C62,نهایی!B:B,0),0)/60)} -> 126.33333 | R62: =Q62-P62 -> #N/A | S62: =_xlfn.IFNA(INDEX(نهایی!CX:CX,MATCH(D62,نهایی!B:B,0)),INDEX(نهایی!CX:CX,MATCH(C62,نهایی!B:B,0))) -> 124.38568 | T62: =IF(S62>Q62,"",Q62-S62) -> 1.9476581 | U62: =IF(Q62>S62,"",S62-Q62) | V62: =IF(P62>S62,P62-S62,"") -> #N/A | W62: =IF(P62<S62,S62-P62,"") -> #N/A | X62: =ROUNDDOWN(IF((0.95-S62/P62)>0,(0.95-S62/P62),0)*Q62,0) -> #N/A | Y62: =ROUNDUP((IF(((S62/P62)-0.97)>0,((S62/P62)-0.97),0)*Q62)/1,0) -> #N/A | Z62: =VLOOKUP(C62,نهایی!B:B,1,0) -> #N/A | AA62: =VLOOKUP(D62,نهایی!B:B,1,0) -> 14409
C63: =_xlfn.XLOOKUP(D63,'کارکرد اداری'!$C$3:$C$106,'کارکرد اداری'!$B$3:$B$106,0,1) -> 1120 | D63: 14899 | E63: رضا نجفی | G63: =_xlfn.IFNA(_xlfn.XLOOKUP(D63,'کارکرد اداری'!$C$4:$C$204,'کارکرد اداری'!$N$4:$N$204,"0",0),_xlfn.XLOOKUP(C63,'کارکرد اداری'!$C$4:$C$204,'کارکرد اداری'!$N$4:$N$204,"0",0)) -> 0 | H63: =_xlfn.XLOOKUP(D63,'کارکرد اداری'!$C$4:$C$204,'کارکرد اداری'!$K$4:$K$204,0,1) -> 0 | I63: =_xlfn.XLOOKUP(D63,'کارکرد اداری'!$C$4:$C$204,'کارکرد اداری'!$I$4:$I$204,0,1) -> 0 | J63: {=_xlfn.IFNA(INDEX('کارکرد اداری'!J:J,MATCH(C63,'کارکرد اداری'!B:B,0),0),INDEX('کارکرد اداری'!J:J,MATCH(D63,'کارکرد اداری'!C:C,0),0))} -> #N/A | K63: {=_xlfn.IFNA(INDEX('کارکرد اداری'!R:R,MATCH(C63,'کارکرد اداری'!B:B,0),0),INDEX('کارکرد اداری'!R:R,MATCH(D63,'کارکرد اداری'!C:C,0),0))} -> #N/A | L63: {=_xlfn.IFNA(INDEX('کارکرد اداری'!S:S,MATCH(C63,'کارکرد اداری'!B:B,0),0),INDEX('کارکرد اداری'!S:S,MATCH(D63,'کارکرد اداری'!C:C,0),0))} -> #N/A | M63: {=_xlfn.IFNA(INDEX('کارکرد اداری'!P:P,MATCH(C63,'کارکرد اداری'!B:B,0),0),INDEX('کارکرد اداری'!P:P,MATCH(D63,'کارکرد اداری'!C:C,0),0))} -> #N/A | N63: {=_xlfn.IFNA(INDEX('کارکرد اداری'!Q:Q,MATCH(C63,'کارکرد اداری'!B:B,0),0),INDEX('کارکرد اداری'!Q:Q,MATCH(D63,'کارکرد اداری'!C:C,0),0))} -> #N/A | O63: =$F$1-$M$1-G63-H63-I63-J63 -> #N/A | P63: =((O63*440+M63*60+N63)-(K63*60-L63))/60 -> #N/A | Q63: {=_xlfn.IFNA(INDEX(نهایی!CW:CW,MATCH(D63,نهایی!B:B,0),0)/60,INDEX(نهایی!CW:CW,MATCH(C63,نهایی!B:B,0),0)/60)} -> 86.166667 | R63: =Q63-P63 -> #N/A | S63: =_xlfn.IFNA(INDEX(نهایی!CX:CX,MATCH(D63,نهایی!B:B,0)),INDEX(نهایی!CX:CX,MATCH(C63,نهایی!B:B,0))) -> 72.874212 | T63: =IF(S63>Q63,"",Q63-S63) -> 13.292454 | U63: =IF(Q63>S63,"",S63-Q63) | V63: =IF(P63>S63,P63-S63,"") -> #N/A | W63: =IF(P63<S63,S63-P63,"") -> #N/A | X63: =ROUNDDOWN(IF((0.95-S63/P63)>0,(0.95-S63/P63),0)*Q63,0) -> #N/A | Y63: =ROUNDUP((IF(((S63/P63)-0.97)>0,((S63/P63)-0.97),0)*Q63)/1,0) -> #N/A | Z63: =VLOOKUP(C63,نهایی!B:B,1,0) -> 1120 | AA63: =VLOOKUP(D63,نهایی!B:B,1,0) -> #N/A
C64: =_xlfn.XLOOKUP(D64,'کارکرد اداری'!$C$3:$C$106,'کارکرد اداری'!$B$3:$B$106,0,1) -> 390 | D64: 14394 | E64: مصطفی مکرم نیا | G64: =_xlfn.IFNA(_xlfn.XLOOKUP(D64,'کارکرد اداری'!$C$4:$C$204,'کارکرد اداری'!$N$4:$N$204,"0",0),_xlfn.XLOOKUP(C64,'کارکرد اداری'!$C$4:$C$204,'کارکرد اداری'!$N$4:$N$204,"0",0)) -> 0 | H64: =_xlfn.XLOOKUP(D64,'کارکرد اداری'!$C$4:$C$204,'کارکرد اداری'!$K$4:$K$204,0,1) -> 0 | I64: =_xlfn.XLOOKUP(D64,'کارکرد اداری'!$C$4:$C$204,'کارکرد اداری'!$I$4:$I$204,0,1) -> 0 | J64: {=_xlfn.IFNA(INDEX('کارکرد اداری'!J:J,MATCH(C64,'کارکرد اداری'!B:B,0),0),INDEX('کارکرد اداری'!J:J,MATCH(D64,'کارکرد اداری'!C:C,0),0))} -> #N/A | K64: {=_xlfn.IFNA(INDEX('کارکرد اداری'!R:R,MATCH(C64,'کارکرد اداری'!B:B,0),0),INDEX('کارکرد اداری'!R:R,MATCH(D64,'کارکرد اداری'!C:C,0),0))} -> #N/A | L64: {=_xlfn.IFNA(INDEX('کارکرد اداری'!S:S,MATCH(C64,'کارکرد اداری'!B:B,0),0),INDEX('کارکرد اداری'!S:S,MATCH(D64,'کارکرد اداری'!C:C,0),0))} -> #N/A | M64: {=_xlfn.IFNA(INDEX('کارکرد اداری'!P:P,MATCH(C64,'کارکرد اداری'!B:B,0),0),INDEX('کارکرد اداری'!P:P,MATCH(D64,'کارکرد اداری'!C:C,0),0))} -> #N/A | N64: {=_xlfn.IFNA(INDEX('کارکرد اداری'!Q:Q,MATCH(C64,'کارکرد اداری'!B:B,0),0),INDEX('کارکرد اداری'!Q:Q,MATCH(D64,'کارکرد اداری'!C:C,0),0))} -> #N/A | O64: =$F$1-$M$1-G64-H64-I64-J64 -> #N/A | P64: =((O64*440+M64*60+N64)-(K64*60-L64))/60 -> #N/A | Q64: {=_xlfn.IFNA(INDEX(نهایی!CW:CW,MATCH(D64,نهایی!B:B,0),0)/60,INDEX(نهایی!CW:CW,MATCH(C64,نهایی!B:B,0),0)/60)} -> 133.66667 | R64: =Q64-P64 -> #N/A | S64: =_xlfn.IFNA(INDEX(نهایی!CX:CX,MATCH(D64,نهایی!B:B,0)),INDEX(نهایی!CX:CX,MATCH(C64,نهایی!B:B,0))) -> 131.31259 | T64: =IF(S64>Q64,"",Q64-S64) -> 2.3540805 | U64: =IF(Q64>S64,"",S64-Q64) | V64: =IF(P64>S64,P64-S64,"") -> #N/A | W64: =IF(P64<S64,S64-P64,"") -> #N/A | X64: =ROUNDDOWN(IF((0.95-S64/P64)>0,(0.95-S64/P64),0)*Q64,0) -> #N/A | Y64: =ROUNDUP((IF(((S64/P64)-0.97)>0,((S64/P64)-0.97),0)*Q64)/1,0) -> #N/A | Z64: =VLOOKUP(C64,نهایی!B:B,1,0) -> #N/A | AA64: =VLOOKUP(D64,نهایی!B:B,1,0) -> 14394
C65: =_xlfn.XLOOKUP(D65,'کارکرد اداری'!$C$3:$C$106,'کارکرد اداری'!$B$3:$B$106,0,1) -> 1131 | D65: 14904 | E65: محمدصادق قادری | G65: =_xlfn.IFNA(_xlfn.XLOOKUP(D65,'کارکرد اداری'!$C$4:$C$204,'کارکرد اداری'!$N$4:$N$204,"0",0),_xlfn.XLOOKUP(C65,'کارکرد اداری'!$C$4:$C$204,'کارکرد اداری'!$N$4:$N$204,"0",0)) -> 0 | H65: =_xlfn.XLOOKUP(D65,'کارکرد اداری'!$C$4:$C$204,'کارکرد اداری'!$K$4:$K$204,0,1) -> 0 | I65: =_xlfn.XLOOKUP(D65,'کارکرد اداری'!$C$4:$C$204,'کارکرد اداری'!$I$4:$I$204,0,1) -> 0 | J65: {=_xlfn.IFNA(INDEX('کارکرد اداری'!J:J,MATCH(C65,'کارکرد اداری'!B:B,0),0),INDEX('کارکرد اداری'!J:J,MATCH(D65,'کارکرد اداری'!C:C,0),0))} -> #N/A | K65: {=_xlfn.IFNA(INDEX('کارکرد اداری'!R:R,MATCH(C65,'کارکرد اداری'!B:B,0),0),INDEX('کارکرد اداری'!R:R,MATCH(D65,'کارکرد اداری'!C:C,0),0))} -> #N/A | L65: {=_xlfn.IFNA(INDEX('کارکرد اداری'!S:S,MATCH(C65,'کارکرد اداری'!B:B,0),0),INDEX('کارکرد اداری'!S:S,MATCH(D65,'کارکرد اداری'!C:C,0),0))} -> #N/A | M65: {=_xlfn.IFNA(INDEX('کارکرد اداری'!P:P,MATCH(C65,'کارکرد اداری'!B:B,0),0),INDEX('کارکرد اداری'!P:P,MATCH(D65,'کارکرد اداری'!C:C,0),0))} -> #N/A | N65: {=_xlfn.IFNA(INDEX('کارکرد اداری'!Q:Q,MATCH(C65,'کارکرد اداری'!B:B,0),0),INDEX('کارکرد اداری'!Q:Q,MATCH(D65,'کارکرد اداری'!C:C,0),0))} -> #N/A | O65: =$F$1-$M$1-G65-H65-I65-J65 -> #N/A | P65: =((O65*440+M65*60+N65)-(K65*60-L65))/60 -> #N/A | Q65: {=_xlfn.IFNA(INDEX(نهایی!CW:CW,MATCH(D65,نهایی!B:B,0),0)/60,INDEX(نهایی!CW:CW,MATCH(C65,نهایی!B:B,0),0)/60)} -> 123.33333 | R65: =Q65-P65 -> #N/A | S65: =_xlfn.IFNA(INDEX(نهایی!CX:CX,MATCH(D65,نهایی!B:B,0)),INDEX(نهایی!CX:CX,MATCH(C65,نهایی!B:B,0))) -> 114.33218 | T65: =IF(S65>Q65,"",Q65-S65) -> 9.0011521 | U65: =IF(Q65>S65,"",S65-Q65) | V65: =IF(P65>S65,P65-S65,"") -> #N/A | W65: =IF(P65<S65,S65-P65,"") -> #N/A | X65: =ROUNDDOWN(IF((0.95-S65/P65)>0,(0.95-S65/P65),0)*Q65,0) -> #N/A | Y65: =ROUNDUP((IF(((S65/P65)-0.97)>0,((S65/P65)-0.97),0)*Q65)/1,0) -> #N/A | Z65: =VLOOKUP(C65,نهایی!B:B,1,0) -> 1131 | AA65: =VLOOKUP(D65,نهایی!B:B,1,0) -> #N/A
C66: =_xlfn.XLOOKUP(D66,'کارکرد اداری'!$C$3:$C$106,'کارکرد اداری'!$B$3:$B$106,0,1) -> 1130 | D66: 14901 | E66: قاسم فدایی زاده | G66: =_xlfn.IFNA(_xlfn.XLOOKUP(D66,'کارکرد اداری'!$C$4:$C$204,'کارکرد اداری'!$N$4:$N$204,"0",0),_xlfn.XLOOKUP(C66,'کارکرد اداری'!$C$4:$C$204,'کارکرد اداری'!$N$4:$N$204,"0",0)) -> 0 | H66: =_xlfn.XLOOKUP(D66,'کارکرد اداری'!$C$4:$C$204,'کارکرد اداری'!$K$4:$K$204,0,1) -> 0 | I66: =_xlfn.XLOOKUP(D66,'کارکرد اداری'!$C$4:$C$204,'کارکرد اداری'!$I$4:$I$204,0,1) -> 0 | J66: {=_xlfn.IFNA(INDEX('کارکرد اداری'!J:J,MATCH(C66,'کارکرد اداری'!B:B,0),0),INDEX('کارکرد اداری'!J:J,MATCH(D66,'کارکرد اداری'!C:C,0),0))} -> #N/A | K66: {=_xlfn.IFNA(INDEX('کارکرد اداری'!R:R,MATCH(C66,'کارکرد اداری'!B:B,0),0),INDEX('کارکرد اداری'!R:R,MATCH(D66,'کارکرد اداری'!C:C,0),0))} -> #N/A | L66: {=_xlfn.IFNA(INDEX('کارکرد اداری'!S:S,MATCH(C66,'کارکرد اداری'!B:B,0),0),INDEX('کارکرد اداری'!S:S,MATCH(D66,'کارکرد اداری'!C:C,0),0))} -> #N/A | M66: {=_xlfn.IFNA(INDEX('کارکرد اداری'!P:P,MATCH(C66,'کارکرد اداری'!B:B,0),0),INDEX('کارکرد اداری'!P:P,MATCH(D66,'کارکرد اداری'!C:C,0),0))} -> #N/A | N66: {=_xlfn.IFNA(INDEX('کارکرد اداری'!Q:Q,MATCH(C66,'کارکرد اداری'!B:B,0),0),INDEX('کارکرد اداری'!Q:Q,MATCH(D66,'کارکرد اداری'!C:C,0),0))} -> #N/A | O66: =$F$1-$M$1-G66-H66-I66-J66 -> #N/A | P66: =((O66*440+M66*60+N66)-(K66*60-L66))/60 -> #N/A | Q66: {=_xlfn.IFNA(INDEX(نهایی!CW:CW,MATCH(D66,نهایی!B:B,0),0)/60,INDEX(نهایی!CW:CW,MATCH(C66,نهایی!B:B,0),0)/60)} -> 118.83333 | R66: =Q66-P66 -> #N/A | S66: =_xlfn.IFNA(INDEX(نهایی!CX:CX,MATCH(D66,نهایی!B:B,0)),INDEX(نهایی!CX:CX,MATCH(C66,نهایی!B:B,0))) -> 113.54376 | T66: =IF(S66>Q66,"",Q66-S66) -> 5.2895712 | U66: =IF(Q66>S66,"",S66-Q66) | V66: =IF(P66>S66,P66-S66,"") -> #N/A | W66: =IF(P66<S66,S66-P66,"") -> #N/A | X66: =ROUNDDOWN(IF((0.95-S66/P66)>0,(0.95-S66/P66),0)*Q66,0) -> #N/A | Y66: =ROUNDUP((IF(((S66/P66)-0.97)>0,((S66/P66)-0.97),0)*Q66)/1,0) -> #N/A | Z66: =VLOOKUP(C66,نهایی!B:B,1,0) -> 1130 | AA66: =VLOOKUP(D66,نهایی!B:B,1,0) -> #N/A
C67: =_xlfn.XLOOKUP(D67,'کارکرد اداری'!$C$3:$C$106,'کارکرد اداری'!$B$3:$B$106,0,1) -> 1054 | D67: 14856 | E67: مصطفی عفتی | G67: =_xlfn.IFNA(_xlfn.XLOOKUP(D67,'کارکرد اداری'!$C$4:$C$204,'کارکرد اداری'!$N$4:$N$204,"0",0),_xlfn.XLOOKUP(C67,'کارکرد اداری'!$C$4:$C$204,'کارکرد اداری'!$N$4:$N$204,"0",0)) -> 0 | H67: =_xlfn.XLOOKUP(D67,'کارکرد اداری'!$C$4:$C$204,'کارکرد اداری'!$K$4:$K$204,0,1) -> 0 | I67: =_xlfn.XLOOKUP(D67,'کارکرد اداری'!$C$4:$C$204,'کارکرد اداری'!$I$4:$I$204,0,1) -> 0 | J67: {=_xlfn.IFNA(INDEX('کارکرد اداری'!J:J,MATCH(C67,'کارکرد اداری'!B:B,0),0),INDEX('کارکرد اداری'!J:J,MATCH(D67,'کارکرد اداری'!C:C,0),0))} -> #N/A | K67: {=_xlfn.IFNA(INDEX('کارکرد اداری'!R:R,MATCH(C67,'کارکرد اداری'!B:B,0),0),INDEX('کارکرد اداری'!R:R,MATCH(D67,'کارکرد اداری'!C:C,0),0))} -> #N/A | L67: {=_xlfn.IFNA(INDEX('کارکرد اداری'!S:S,MATCH(C67,'کارکرد اداری'!B:B,0),0),INDEX('کارکرد اداری'!S:S,MATCH(D67,'کارکرد اداری'!C:C,0),0))} -> #N/A | M67: {=_xlfn.IFNA(INDEX('کارکرد اداری'!P:P,MATCH(C67,'کارکرد اداری'!B:B,0),0),INDEX('کارکرد اداری'!P:P,MATCH(D67,'کارکرد اداری'!C:C,0),0))} -> #N/A | N67: {=_xlfn.IFNA(INDEX('کارکرد اداری'!Q:Q,MATCH(C67,'کارکرد اداری'!B:B,0),0),INDEX('کارکرد اداری'!Q:Q,MATCH(D67,'کارکرد اداری'!C:C,0),0))} -> #N/A | O67: =$F$1-$M$1-G67-H67-I67-J67 -> #N/A | P67: =((O67*440+M67*60+N67)-(K67*60-L67))/60 -> #N/A | Q67: {=_xlfn.IFNA(INDEX(نهایی!CW:CW,MATCH(D67,نهایی!B:B,0),0)/60,INDEX(نهایی!CW:CW,MATCH(C67,نهایی!B:B,0),0)/60)} -> 122.83333 | R67: =Q67-P67 -> #N/A | S67: =_xlfn.IFNA(INDEX(نهایی!CX:CX,MATCH(D67,نهایی!B:B,0)),INDEX(نهایی!CX:CX,MATCH(C67,نهایی!B:B,0))) -> 110.36775 | T67: =IF(S67>Q67,"",Q67-S67) -> 12.465585 | U67: =IF(Q67>S67,"",S67-Q67) | V67: =IF(P67>S67,P67-S67,"") -> #N/A | W67: =IF(P67<S67,S67-P67,"") -> #N/A | X67: =ROUNDDOWN(IF((0.95-S67/P67)>0,(0.95-S67/P67),0)*Q67,0) -> #N/A | Y67: =ROUNDUP((IF(((S67/P67)-0.97)>0,((S67/P67)-0.97),0)*Q67)/1,0) -> #N/A | Z67: =VLOOKUP(C67,نهایی!B:B,1,0) -> 1054 | AA67: =VLOOKUP(D67,نهایی!B:B,1,0) -> #N/A
A68: آموزشی | C68: 1187 | D68: 1187 | E68: آذر رضایی اول | G68: =_xlfn.IFNA(_xlfn.XLOOKUP(D68,'کارکرد اداری'!$C$4:$C$204,'کارکرد اداری'!$N$4:$N$204,"0",0),_xlfn.XLOOKUP(C68,'کارکرد اداری'!$C$4:$C$204,'کارکرد اداری'!$N$4:$N$204,"0",0)) -> #N/A | H68: =_xlfn.XLOOKUP(D68,'کارکرد اداری'!$C$4:$C$204,'کارکرد اداری'!$K$4:$K$204,0,1) -> 0 | I68: =_xlfn.XLOOKUP(D68,'کارکرد اداری'!$C$4:$C$204,'کارکرد اداری'!$I$4:$I$204,0,1) -> 0 | J68: {=_xlfn.IFNA(INDEX('کارکرد اداری'!J:J,MATCH(C68,'کارکرد اداری'!B:B,0),0),INDEX('کارکرد اداری'!J:J,MATCH(D68,'کارکرد اداری'!C:C,0),0))} -> #N/A | K68: {=_xlfn.IFNA(INDEX('کارکرد اداری'!R:R,MATCH(C68,'کارکرد اداری'!B:B,0),0),INDEX('کارکرد اداری'!R:R,MATCH(D68,'کارکرد اداری'!C:C,0),0))} -> #N/A | L68: {=_xlfn.IFNA(INDEX('کارکرد اداری'!S:S,MATCH(C68,'کارکرد اداری'!B:B,0),0),INDEX('کارکرد اداری'!S:S,MATCH(D68,'کارکرد اداری'!C:C,0),0))} -> #N/A | M68: {=_xlfn.IFNA(INDEX('کارکرد اداری'!P:P,MATCH(C68,'کارکرد اداری'!B:B,0),0),INDEX('کارکرد اداری'!P:P,MATCH(D68,'کارکرد اداری'!C:C,0),0))} -> #N/A | N68: {=_xlfn.IFNA(INDEX('کارکرد اداری'!Q:Q,MATCH(C68,'کارکرد اداری'!B:B,0),0),INDEX('کارکرد اداری'!Q:Q,MATCH(D68,'کارکرد اداری'!C:C,0),0))} -> #N/A | O68: =$F$1-$M$1-G68-H68-I68-J68 -> #N/A | P68: =((O68*440+M68*60+N68)-(K68*60-L68))/60 -> #N/A | Q68: {=_xlfn.IFNA(INDEX(نهایی!CW:CW,MATCH(D68,نهایی!B:B,0),0)/60,INDEX(نهایی!CW:CW,MATCH(C68,نهایی!B:B,0),0)/60)} -> 145.83333 | R68: =Q68-P68 -> #N/A | S68: =_xlfn.IFNA(INDEX(نهایی!CX:CX,MATCH(D68,نهایی!B:B,0)),INDEX(نهایی!CX:CX,MATCH(C68,نهایی!B:B,0))) -> 135.66396 | T68: =IF(S68>Q68,"",Q68-S68) -> 10.16937 | U68: =IF(Q68>S68,"",S68-Q68) | V68: =IF(P68>S68,P68-S68,"") -> #N/A | W68: =IF(P68<S68,S68-P68,"") -> #N/A | X68: =ROUNDDOWN(IF((0.95-S68/P68)>0,(0.95-S68/P68),0)*Q68,0) -> #N/A | Y68: =ROUNDUP((IF(((S68/P68)-0.97)>0,((S68/P68)-0.97),0)*Q68)/1,0) -> #N/A | Z68: =VLOOKUP(C68,نهایی!B:B,1,0) -> 1187 | AA68: =VLOOKUP(D68,نهایی!B:B,1,0) -> 1187
C69: =_xlfn.XLOOKUP(D69,'کارکرد اداری'!$C$3:$C$106,'کارکرد اداری'!$B$3:$B$106,0,1) -> 1129 | D69: 14902 | E69: کامبیز میرزاخوانی | G69: =_xlfn.IFNA(_xlfn.XLOOKUP(D69,'کارکرد اداری'!$C$4:$C$204,'کارکرد اداری'!$N$4:$N$204,"0",0),_xlfn.XLOOKUP(C69,'کارکرد اداری'!$C$4:$C$204,'کارکرد اداری'!$N$4:$N$204,"0",0)) -> 0 | H69: =_xlfn.XLOOKUP(D69,'کارکرد اداری'!$C$4:$C$204,'کارکرد اداری'!$K$4:$K$204,0,1) -> 0 | I69: =_xlfn.XLOOKUP(D69,'کارکرد اداری'!$C$4:$C$204,'کارکرد اداری'!$I$4:$I$204,0,1) -> 0 | J69: {=_xlfn.IFNA(INDEX('کارکرد اداری'!J:J,MATCH(C69,'کارکرد اداری'!B:B,0),0),INDEX('کارکرد اداری'!J:J,MATCH(D69,'کارکرد اداری'!C:C,0),0))} -> #N/A | K69: {=_xlfn.IFNA(INDEX('کارکرد اداری'!R:R,MATCH(C69,'کارکرد اداری'!B:B,0),0),INDEX('کارکرد اداری'!R:R,MATCH(D69,'کارکرد اداری'!C:C,0),0))} -> #N/A | L69: {=_xlfn.IFNA(INDEX('کارکرد اداری'!S:S,MATCH(C69,'کارکرد اداری'!B:B,0),0),INDEX('کارکرد اداری'!S:S,MATCH(D69,'کارکرد اداری'!C:C,0),0))} -> #N/A | M69: {=_xlfn.IFNA(INDEX('کارکرد اداری'!P:P,MATCH(C69,'کارکرد اداری'!B:B,0),0),INDEX('کارکرد اداری'!P:P,MATCH(D69,'کارکرد اداری'!C:C,0),0))} -> #N/A | N69: {=_xlfn.IFNA(INDEX('کارکرد اداری'!Q:Q,MATCH(C69,'کارکرد اداری'!B:B,0),0),INDEX('کارکرد اداری'!Q:Q,MATCH(D69,'کارکرد اداری'!C:C,0),0))} -> #N/A | O69: =$F$1-$M$1-G69-H69-I69-J69 -> #N/A | P69: =((O69*440+M69*60+N69)-(K69*60-L69))/60 -> #N/A | Q69: {=_xlfn.IFNA(INDEX(نهایی!CW:CW,MATCH(D69,نهایی!B:B,0),0)/60,INDEX(نهایی!CW:CW,MATCH(C69,نهایی!B:B,0),0)/60)} -> 147.33333 | R69: =Q69-P69 -> #N/A | S69: =_xlfn.IFNA(INDEX(نهایی!CX:CX,MATCH(D69,نهایی!B:B,0)),INDEX(نهایی!CX:CX,MATCH(C69,نهایی!B:B,0))) -> 132.99189 | T69: =IF(S69>Q69,"",Q69-S69) -> 14.341443 | U69: =IF(Q69>S69,"",S69-Q69) | V69: =IF(P69>S69,P69-S69,"") -> #N/A | W69: =IF(P69<S69,S69-P69,"") -> #N/A | X69: =ROUNDDOWN(IF((0.95-S69/P69)>0,(0.95-S69/P69),0)*Q69,0) -> #N/A | Y69: =ROUNDUP((IF(((S69/P69)-0.97)>0,((S69/P69)-0.97),0)*Q69)/1,0) -> #N/A | Z69: =VLOOKUP(C69,نهایی!B:B,1,0) -> 1129 | AA69: =VLOOKUP(D69,نهایی!B:B,1,0) -> #N/A
C70: =_xlfn.XLOOKUP(D70,'کارکرد اداری'!$C$3:$C$106,'کارکرد اداری'!$B$3:$B$106,0,1) -> 525 | D70: 14478 | E70: مجتبی نویدی | G70: =_xlfn.IFNA(_xlfn.XLOOKUP(D70,'کارکرد اداری'!$C$4:$C$204,'کارکرد اداری'!$N$4:$N$204,"0",0),_xlfn.XLOOKUP(C70,'کارکرد اداری'!$C$4:$C$204,'کارکرد اداری'!$N$4:$N$204,"0",0)) -> 0 | H70: =_xlfn.XLOOKUP(D70,'کارکرد اداری'!$C$4:$C$204,'کارکرد اداری'!$K$4:$K$204,0,1) -> 0 | I70: =_xlfn.XLOOKUP(D70,'کارکرد اداری'!$C$4:$C$204,'کارکرد اداری'!$I$4:$I$204,0,1) -> 0 | J70: {=_xlfn.IFNA(INDEX('کارکرد اداری'!J:J,MATCH(C70,'کارکرد اداری'!B:B,0),0),INDEX('کارکرد اداری'!J:J,MATCH(D70,'کارکرد اداری'!C:C,0),0))} -> #N/A | K70: {=_xlfn.IFNA(INDEX('کارکرد اداری'!R:R,MATCH(C70,'کارکرد اداری'!B:B,0),0),INDEX('کارکرد اداری'!R:R,MATCH(D70,'کارکرد اداری'!C:C,0),0))} -> #N/A | L70: {=_xlfn.IFNA(INDEX('کارکرد اداری'!S:S,MATCH(C70,'کارکرد اداری'!B:B,0),0),INDEX('کارکرد اداری'!S:S,MATCH(D70,'کارکرد اداری'!C:C,0),0))} -> #N/A | M70: {=_xlfn.IFNA(INDEX('کارکرد اداری'!P:P,MATCH(C70,'کارکرد اداری'!B:B,0),0),INDEX('کارکرد اداری'!P:P,MATCH(D70,'کارکرد اداری'!C:C,0),0))} -> #N/A | N70: {=_xlfn.IFNA(INDEX('کارکرد اداری'!Q:Q,MATCH(C70,'کارکرد اداری'!B:B,0),0),INDEX('کارکرد اداری'!Q:Q,MATCH(D70,'کارکرد اداری'!C:C,0),0))} -> #N/A | O70: =$F$1-$M$1-G70-H70-I70-J70 -> #N/A | P70: =((O70*440+M70*60+N70)-(K70*60-L70))/60 -> #N/A | Q70: {=_xlfn.IFNA(INDEX(نهایی!CW:CW,MATCH(D70,نهایی!B:B,0),0)/60,INDEX(نهایی!CW:CW,MATCH(C70,نهایی!B:B,0),0)/60)} -> 130.83333 | R70: =Q70-P70 -> #N/A | S70: =_xlfn.IFNA(INDEX(نهایی!CX:CX,MATCH(D70,نهایی!B:B,0)),INDEX(نهایی!CX:CX,MATCH(C70,نهایی!B:B,0))) -> 122.55573 | T70: =IF(S70>Q70,"",Q70-S70) -> 8.2776032 | U70: =IF(Q70>S70,"",S70-Q70) | V70: =IF(P70>S70,P70-S70,"") -> #N/A | W70: =IF(P70<S70,S70-P70,"") -> #N/A | X70: =ROUNDDOWN(IF((0.95-S70/P70)>0,(0.95-S70/P70),0)*Q70,0) -> #N/A | Y70: =ROUNDUP((IF(((S70/P70)-0.97)>0,((S70/P70)-0.97),0)*Q70)/1,0) -> #N/A | Z70: =VLOOKUP(C70,نهایی!B:B,1,0) -> #N/A | AA70: =VLOOKUP(D70,نهایی!B:B,1,0) -> 14478
A71: آموزشی | C71: =_xlfn.XLOOKUP(D71,'کارکرد اداری'!$C$3:$C$106,'کارکرد اداری'!$B$3:$B$106,0,1) -> 1156 | D71: 14927 | E71: مریم مرشدلو | G71: =_xlfn.IFNA(_xlfn.XLOOKUP(D71,'کارکرد اداری'!$C$4:$C$204,'کارکرد اداری'!$N$4:$N$204,"0",0),_xlfn.XLOOKUP(C71,'کارکرد اداری'!$C$4:$C$204,'کارکرد اداری'!$N$4:$N$204,"0",0)) -> 0 | H71: =_xlfn.XLOOKUP(D71,'کارکرد اداری'!$C$4:$C$204,'کارکرد اداری'!$K$4:$K$204,0,1) -> 0 | I71: =_xlfn.XLOOKUP(D71,'کارکرد اداری'!$C$4:$C$204,'کارکرد اداری'!$I$4:$I$204,0,1) -> 0 | J71: {=_xlfn.IFNA(INDEX('کارکرد اداری'!J:J,MATCH(C71,'کارکرد اداری'!B:B,0),0),INDEX('کارکرد اداری'!J:J,MATCH(D71,'کارکرد اداری'!C:C,0),0))} -> #N/A | K71: {=_xlfn.IFNA(INDEX('کارکرد اداری'!R:R,MATCH(C71,'کارکرد اداری'!B:B,0),0),INDEX('کارکرد اداری'!R:R,MATCH(D71,'کارکرد اداری'!C:C,0),0))} -> #N/A | L71: {=_xlfn.IFNA(INDEX('کارکرد اداری'!S:S,MATCH(C71,'کارکرد اداری'!B:B,0),0),INDEX('کارکرد اداری'!S:S,MATCH(D71,'کارکرد اداری'!C:C,0),0))} -> #N/A | M71: {=_xlfn.IFNA(INDEX('کارکرد اداری'!P:P,MATCH(C71,'کارکرد اداری'!B:B,0),0),INDEX('کارکرد اداری'!P:P,MATCH(D71,'کارکرد اداری'!C:C,0),0))} -> #N/A | N71: {=_xlfn.IFNA(INDEX('کارکرد اداری'!Q:Q,MATCH(C71,'کارکرد اداری'!B:B,0),0),INDEX('کارکرد اداری'!Q:Q,MATCH(D71,'کارکرد اداری'!C:C,0),0))} -> #N/A | O71: =$F$1-$M$1-G71-H71-I71-J71 -> #N/A | P71: =((O71*440+M71*60+N71)-(K71*60-L71))/60 -> #N/A | Q71: {=_xlfn.IFNA(INDEX(نهایی!CW:CW,MATCH(D71,نهایی!B:B,0),0)/60,INDEX(نهایی!CW:CW,MATCH(C71,نهایی!B:B,0),0)/60)} -> 142.66667 | R71: =Q71-P71 -> #N/A | S71: =_xlfn.IFNA(INDEX(نهایی!CX:CX,MATCH(D71,نهایی!B:B,0)),INDEX(نهایی!CX:CX,MATCH(C71,نهایی!B:B,0))) -> 123.70742 | T71: =IF(S71>Q71,"",Q71-S71) -> 18.959246 | U71: =IF(Q71>S71,"",S71-Q71) | V71: =IF(P71>S71,P71-S71,"") -> #N/A | W71: =IF(P71<S71,S71-P71,"") -> #N/A | X71: =ROUNDDOWN(IF((0.95-S71/P71)>0,(0.95-S71/P71),0)*Q71,0) -> #N/A | Y71: =ROUNDUP((IF(((S71/P71)-0.97)>0,((S71/P71)-0.97),0)*Q71)/1,0) -> #N/A | Z71: =VLOOKUP(C71,نهایی!B:B,1,0) -> 1156 | AA71: =VLOOKUP(D71,نهایی!B:B,1,0) -> #N/A
C72: =_xlfn.XLOOKUP(D72,'کارکرد اداری'!$C$3:$C$106,'کارکرد اداری'!$B$3:$B$106,0,1) -> 1137 | D72: 14906 | E72: مجید سروان نژاد | G72: =_xlfn.IFNA(_xlfn.XLOOKUP(D72,'کارکرد اداری'!$C$4:$C$204,'کارکرد اداری'!$N$4:$N$204,"0",0),_xlfn.XLOOKUP(C72,'کارکرد اداری'!$C$4:$C$204,'کارکرد اداری'!$N$4:$N$204,"0",0)) -> 0 | H72: =_xlfn.XLOOKUP(D72,'کارکرد اداری'!$C$4:$C$204,'کارکرد اداری'!$K$4:$K$204,0,1) -> 0 | I72: =_xlfn.XLOOKUP(D72,'کارکرد اداری'!$C$4:$C$204,'کارکرد اداری'!$I$4:$I$204,0,1) -> 0 | J72: {=_xlfn.IFNA(INDEX('کارکرد اداری'!J:J,MATCH(C72,'کارکرد اداری'!B:B,0),0),INDEX('کارکرد اداری'!J:J,MATCH(D72,'کارکرد اداری'!C:C,0),0))} -> #N/A | K72: {=_xlfn.IFNA(INDEX('کارکرد اداری'!R:R,MATCH(C72,'کارکرد اداری'!B:B,0),0),INDEX('کارکرد اداری'!R:R,MATCH(D72,'کارکرد اداری'!C:C,0),0))} -> #N/A | L72: {=_xlfn.IFNA(INDEX('کارکرد اداری'!S:S,MATCH(C72,'کارکرد اداری'!B:B,0),0),INDEX('کارکرد اداری'!S:S,MATCH(D72,'کارکرد اداری'!C:C,0),0))} -> #N/A | M72: {=_xlfn.IFNA(INDEX('کارکرد اداری'!P:P,MATCH(C72,'کارکرد اداری'!B:B,0),0),INDEX('کارکرد اداری'!P:P,MATCH(D72,'کارکرد اداری'!C:C,0),0))} -> #N/A | N72: {=_xlfn.IFNA(INDEX('کارکرد اداری'!Q:Q,MATCH(C72,'کارکرد اداری'!B:B,0),0),INDEX('کارکرد اداری'!Q:Q,MATCH(D72,'کارکرد اداری'!C:C,0),0))} -> #N/A | O72: =$F$1-$M$1-G72-H72-I72-J72 -> #N/A | P72: =((O72*440+M72*60+N72)-(K72*60-L72))/60 -> #N/A | Q72: {=_xlfn.IFNA(INDEX(نهایی!CW:CW,MATCH(D72,نهایی!B:B,0),0)/60,INDEX(نهایی!CW:CW,MATCH(C72,نهایی!B:B,0),0)/60)} -> 126.33333 | R72: =Q72-P72 -> #N/A | S72: =_xlfn.IFNA(INDEX(نهایی!CX:CX,MATCH(D72,نهایی!B:B,0)),INDEX(نهایی!CX:CX,MATCH(C72,نهایی!B:B,0))) -> 114.64713 | T72: =IF(S72>Q72,"",Q72-S72) -> 11.686205 | U72: =IF(Q72>S72,"",S72-Q72) | V72: =IF(P72>S72,P72-S72,"") -> #N/A | W72: =IF(P72<S72,S72-P72,"") -> #N/A | X72: =ROUNDDOWN(IF((0.95-S72/P72)>0,(0.95-S72/P72),0)*Q72,0) -> #N/A | Y72: =ROUNDUP((IF(((S72/P72)-0.97)>0,((S72/P72)-0.97),0)*Q72)/1,0) -> #N/A | Z72: =VLOOKUP(C72,نهایی!B:B,1,0) -> 1137 | AA72: =VLOOKUP(D72,نهایی!B:B,1,0) -> #N/A
C73: =_xlfn.XLOOKUP(D73,'کارکرد اداری'!$C$3:$C$106,'کارکرد اداری'!$B$3:$B$106,0,1) -> 1145 | D73: 14920 | E73: محسن فردوس نژاد | G73: =_xlfn.IFNA(_xlfn.XLOOKUP(D73,'کارکرد اداری'!$C$4:$C$204,'کارکرد اداری'!$N$4:$N$204,"0",0),_xlfn.XLOOKUP(C73,'کارکرد اداری'!$C$4:$C$204,'کارکرد اداری'!$N$4:$N$204,"0",0)) -> 0 | H73: =_xlfn.XLOOKUP(D73,'کارکرد اداری'!$C$4:$C$204,'کارکرد اداری'!$K$4:$K$204,0,1) -> 0 | I73: =_xlfn.XLOOKUP(D73,'کارکرد اداری'!$C$4:$C$204,'کارکرد اداری'!$I$4:$I$204,0,1) -> 0 | J73: {=_xlfn.IFNA(INDEX('کارکرد اداری'!J:J,MATCH(C73,'کارکرد اداری'!B:B,0),0),INDEX('کارکرد اداری'!J:J,MATCH(D73,'کارکرد اداری'!C:C,0),0))} -> #N/A | K73: {=_xlfn.IFNA(INDEX('کارکرد اداری'!R:R,MATCH(C73,'کارکرد اداری'!B:B,0),0),INDEX('کارکرد اداری'!R:R,MATCH(D73,'کارکرد اداری'!C:C,0),0))} -> #N/A | L73: {=_xlfn.IFNA(INDEX('کارکرد اداری'!S:S,MATCH(C73,'کارکرد اداری'!B:B,0),0),INDEX('کارکرد اداری'!S:S,MATCH(D73,'کارکرد اداری'!C:C,0),0))} -> #N/A | M73: {=_xlfn.IFNA(INDEX('کارکرد اداری'!P:P,MATCH(C73,'کارکرد اداری'!B:B,0),0),INDEX('کارکرد اداری'!P:P,MATCH(D73,'کارکرد اداری'!C:C,0),0))} -> #N/A | N73: {=_xlfn.IFNA(INDEX('کارکرد اداری'!Q:Q,MATCH(C73,'کارکرد اداری'!B:B,0),0),INDEX('کارکرد اداری'!Q:Q,MATCH(D73,'کارکرد اداری'!C:C,0),0))} -> #N/A | O73: =$F$1-$M$1-G73-H73-I73-J73 -> #N/A | P73: =((O73*440+M73*60+N73)-(K73*60-L73))/60 -> #N/A | Q73: {=_xlfn.IFNA(INDEX(نهایی!CW:CW,MATCH(D73,نهایی!B:B,0),0)/60,INDEX(نهایی!CW:CW,MATCH(C73,نهایی!B:B,0),0)/60)} -> 126.33333 | R73: =Q73-P73 -> #N/A | S73: =_xlfn.IFNA(INDEX(نهایی!CX:CX,MATCH(D73,نهایی!B:B,0)),INDEX(نهایی!CX:CX,MATCH(C73,نهایی!B:B,0))) -> 119.37745 | T73: =IF(S73>Q73,"",Q73-S73) -> 6.9558843 | U73: =IF(Q73>S73,"",S73-Q73) | V73: =IF(P73>S73,P73-S73,"") -> #N/A | W73: =IF(P73<S73,S73-P73,"") -> #N/A | X73: =ROUNDDOWN(IF((0.95-S73/P73)>0,(0.95-S73/P73),0)*Q73,0) -> #N/A | Y73: =ROUNDUP((IF(((S73/P73)-0.97)>0,((S73/P73)-0.97),0)*Q73)/1,0) -> #N/A | Z73: =VLOOKUP(C73,نهایی!B:B,1,0) -> 1145 | AA73: =VLOOKUP(D73,نهایی!B:B,1,0) -> #N/A
C74: =_xlfn.XLOOKUP(D74,'کارکرد اداری'!$C$3:$C$106,'کارکرد اداری'!$B$3:$B$106,0,1) -> 551 | D74: 14546 | E74: اسماعیل مقدسی | G74: =_xlfn.IFNA(_xlfn.XLOOKUP(D74,'کارکرد اداری'!$C$4:$C$204,'کارکرد اداری'!$N$4:$N$204,"0",0),_xlfn.XLOOKUP(C74,'کارکرد اداری'!$C$4:$C$204,'کارکرد اداری'!$N$4:$N$204,"0",0)) -> 0 | H74: =_xlfn.XLOOKUP(D74,'کارکرد اداری'!$C$4:$C$204,'کارکرد اداری'!$K$4:$K$204,0,1) -> 0 | I74: =_xlfn.XLOOKUP(D74,'کارکرد اداری'!$C$4:$C$204,'کارکرد اداری'!$I$4:$I$204,0,1) -> 0 | J74: {=_xlfn.IFNA(INDEX('کارکرد اداری'!J:J,MATCH(C74,'کارکرد اداری'!B:B,0),0),INDEX('کارکرد اداری'!J:J,MATCH(D74,'کارکرد اداری'!C:C,0),0))} -> #N/A | K74: {=_xlfn.IFNA(INDEX('کارکرد اداری'!R:R,MATCH(C74,'کارکرد اداری'!B:B,0),0),INDEX('کارکرد اداری'!R:R,MATCH(D74,'کارکرد اداری'!C:C,0),0))} -> #N/A | L74: {=_xlfn.IFNA(INDEX('کارکرد اداری'!S:S,MATCH(C74,'کارکرد اداری'!B:B,0),0),INDEX('کارکرد اداری'!S:S,MATCH(D74,'کارکرد اداری'!C:C,0),0))} -> #N/A | M74: {=_xlfn.IFNA(INDEX('کارکرد اداری'!P:P,MATCH(C74,'کارکرد اداری'!B:B,0),0),INDEX('کارکرد اداری'!P:P,MATCH(D74,'کارکرد اداری'!C:C,0),0))} -> #N/A | N74: {=_xlfn.IFNA(INDEX('کارکرد اداری'!Q:Q,MATCH(C74,'کارکرد اداری'!B:B,0),0),INDEX('کارکرد اداری'!Q:Q,MATCH(D74,'کارکرد اداری'!C:C,0),0))} -> #N/A | O74: =$F$1-$M$1-G74-H74-I74-J74 -> #N/A | P74: =((O74*440+M74*60+N74)-(K74*60-L74))/60 -> #N/A | Q74: {=_xlfn.IFNA(INDEX(نهایی!CW:CW,MATCH(D74,نهایی!B:B,0),0)/60,INDEX(نهایی!CW:CW,MATCH(C74,نهایی!B:B,0),0)/60)} -> 129.33333 | R74: =Q74-P74 -> #N/A | S74: =_xlfn.IFNA(INDEX(نهایی!CX:CX,MATCH(D74,نهایی!B:B,0)),INDEX(نهایی!CX:CX,MATCH(C74,نهایی!B:B,0))) -> 114.31997 | T74: =IF(S74>Q74,"",Q74-S74) -> 15.013365 | U74: =IF(Q74>S74,"",S74-Q74) | V74: =IF(P74>S74,P74-S74,"") -> #N/A | W74: =IF(P74<S74,S74-P74,"") -> #N/A | X74: =ROUNDDOWN(IF((0.95-S74/P74)>0,(0.95-S74/P74),0)*Q74,0) -> #N/A | Y74: =ROUNDUP((IF(((S74/P74)-0.97)>0,((S74/P74)-0.97),0)*Q74)/1,0) -> #N/A | Z74: =VLOOKUP(C74,نهایی!B:B,1,0) -> #N/A | AA74: =VLOOKUP(D74,نهایی!B:B,1,0) -> 14546
C75: 1166 | D75: 1166 | E75: مرتضی اسماعیل مقدم | G75: =_xlfn.IFNA(_xlfn.XLOOKUP(D75,'کارکرد اداری'!$C$4:$C$204,'کارکرد اداری'!$N$4:$N$204,"0",0),_xlfn.XLOOKUP(C75,'کارکرد اداری'!$C$4:$C$204,'کارکرد اداری'!$N$4:$N$204,"0",0)) -> #N/A | H75: =_xlfn.XLOOKUP(D75,'کارکرد اداری'!$C$4:$C$204,'کارکرد اداری'!$K$4:$K$204,0,1) -> 0 | I75: =_xlfn.XLOOKUP(D75,'کارکرد اداری'!$C$4:$C$204,'کارکرد اداری'!$I$4:$I$204,0,1) -> 0 | J75: {=_xlfn.IFNA(INDEX('کارکرد اداری'!J:J,MATCH(C75,'کارکرد اداری'!B:B,0),0),INDEX('کارکرد اداری'!J:J,MATCH(D75,'کارکرد اداری'!C:C,0),0))} -> #N/A | K75: {=_xlfn.IFNA(INDEX('کارکرد اداری'!R:R,MATCH(C75,'کارکرد اداری'!B:B,0),0),INDEX('کارکرد اداری'!R:R,MATCH(D75,'کارکرد اداری'!C:C,0),0))} -> #N/A | L75: {=_xlfn.IFNA(INDEX('کارکرد اداری'!S:S,MATCH(C75,'کارکرد اداری'!B:B,0),0),INDEX('کارکرد اداری'!S:S,MATCH(D75,'کارکرد اداری'!C:C,0),0))} -> #N/A | M75: {=_xlfn.IFNA(INDEX('کارکرد اداری'!P:P,MATCH(C75,'کارکرد اداری'!B:B,0),0),INDEX('کارکرد اداری'!P:P,MATCH(D75,'کارکرد اداری'!C:C,0),0))} -> #N/A | N75: {=_xlfn.IFNA(INDEX('کارکرد اداری'!Q:Q,MATCH(C75,'کارکرد اداری'!B:B,0),0),INDEX('کارکرد اداری'!Q:Q,MATCH(D75,'کارکرد اداری'!C:C,0),0))} -> #N/A | O75: =$F$1-$M$1-G75-H75-I75-J75 -> #N/A | P75: =((O75*440+M75*60+N75)-(K75*60-L75))/60 -> #N/A | Q75: {=_xlfn.IFNA(INDEX(نهایی!CW:CW,MATCH(D75,نهایی!B:B,0),0)/60,INDEX(نهایی!CW:CW,MATCH(C75,نهایی!B:B,0),0)/60)} -> 136.66667 | R75: =Q75-P75 -> #N/A | S75: =_xlfn.IFNA(INDEX(نهایی!CX:CX,MATCH(D75,نهایی!B:B,0)),INDEX(نهایی!CX:CX,MATCH(C75,نهایی!B:B,0))) -> 113.46601 | T75: =IF(S75>Q75,"",Q75-S75) -> 23.20066 | U75: =IF(Q75>S75,"",S75-Q75) | V75: =IF(P75>S75,P75-S75,"") -> #N/A | W75: =IF(P75<S75,S75-P75,"") -> #N/A | X75: =ROUNDDOWN(IF((0.95-S75/P75)>0,(0.95-S75/P75),0)*Q75,0) -> #N/A | Y75: =ROUNDUP((IF(((S75/P75)-0.97)>0,((S75/P75)-0.97),0)*Q75)/1,0) -> #N/A | Z75: =VLOOKUP(C75,نهایی!B:B,1,0) -> 1166 | AA75: =VLOOKUP(D75,نهایی!B:B,1,0) -> 1166
C76: =_xlfn.XLOOKUP(D76,'کارکرد اداری'!$C$3:$C$106,'کارکرد اداری'!$B$3:$B$106,0,1) -> 590 | D76: 14538 | E76: امیررضا عطاردی | G76: =_xlfn.IFNA(_xlfn.XLOOKUP(D76,'کارکرد اداری'!$C$4:$C$204,'کارکرد اداری'!$N$4:$N$204,"0",0),_xlfn.XLOOKUP(C76,'کارکرد اداری'!$C$4:$C$204,'کارکرد اداری'!$N$4:$N$204,"0",0)) -> 0 | H76: =_xlfn.XLOOKUP(D76,'کارکرد اداری'!$C$4:$C$204,'کارکرد اداری'!$K$4:$K$204,0,1) -> 0 | I76: =_xlfn.XLOOKUP(D76,'کارکرد اداری'!$C$4:$C$204,'کارکرد اداری'!$I$4:$I$204,0,1) -> 0 | J76: {=_xlfn.IFNA(INDEX('کارکرد اداری'!J:J,MATCH(C76,'کارکرد اداری'!B:B,0),0),INDEX('کارکرد اداری'!J:J,MATCH(D76,'کارکرد اداری'!C:C,0),0))} -> #N/A | K76: {=_xlfn.IFNA(INDEX('کارکرد اداری'!R:R,MATCH(C76,'کارکرد اداری'!B:B,0),0),INDEX('کارکرد اداری'!R:R,MATCH(D76,'کارکرد اداری'!C:C,0),0))} -> #N/A | L76: {=_xlfn.IFNA(INDEX('کارکرد اداری'!S:S,MATCH(C76,'کارکرد اداری'!B:B,0),0),INDEX('کارکرد اداری'!S:S,MATCH(D76,'کارکرد اداری'!C:C,0),0))} -> #N/A | M76: {=_xlfn.IFNA(INDEX('کارکرد اداری'!P:P,MATCH(C76,'کارکرد اداری'!B:B,0),0),INDEX('کارکرد اداری'!P:P,MATCH(D76,'کارکرد اداری'!C:C,0),0))} -> #N/A | N76: {=_xlfn.IFNA(INDEX('کارکرد اداری'!Q:Q,MATCH(C76,'کارکرد اداری'!B:B,0),0),INDEX('کارکرد اداری'!Q:Q,MATCH(D76,'کارکرد اداری'!C:C,0),0))} -> #N/A | O76: =$F$1-$M$1-G76-H76-I76-J76 -> #N/A | P76: =((O76*440+M76*60+N76)-(K76*60-L76))/60 -> #N/A | Q76: {=_xlfn.IFNA(INDEX(نهایی!CW:CW,MATCH(D76,نهایی!B:B,0),0)/60,INDEX(نهایی!CW:CW,MATCH(C76,نهایی!B:B,0),0)/60)} -> 163.66667 | R76: =Q76-P76 -> #N/A | S76: =_xlfn.IFNA(INDEX(نهایی!CX:CX,MATCH(D76,نهایی!B:B,0)),INDEX(نهایی!CX:CX,MATCH(C76,نهایی!B:B,0))) -> 156.55302 | T76: =IF(S76>Q76,"",Q76-S76) -> 7.1136445 | U76: =IF(Q76>S76,"",S76-Q76) | V76: =IF(P76>S76,P76-S76,"") -> #N/A | W76: =IF(P76<S76,S76-P76,"") -> #N/A | X76: =ROUNDDOWN(IF((0.95-S76/P76)>0,(0.95-S76/P76),0)*Q76,0) -> #N/A | Y76: =ROUNDUP((IF(((S76/P76)-0.97)>0,((S76/P76)-0.97),0)*Q76)/1,0) -> #N/A | Z76: =VLOOKUP(C76,نهایی!B:B,1,0) -> #N/A | AA76: =VLOOKUP(D76,نهایی!B:B,1,0) -> 14538
C77: =_xlfn.XLOOKUP(D77,'کارکرد اداری'!$C$3:$C$106,'کارکرد اداری'!$B$3:$B$106,0,1) -> 1112 | D77: 14897 | E77: مرضیه طحان | G77: =_xlfn.IFNA(_xlfn.XLOOKUP(D77,'کارکرد اداری'!$C$4:$C$204,'کارکرد اداری'!$N$4:$N$204,"0",0),_xlfn.XLOOKUP(C77,'کارکرد اداری'!$C$4:$C$204,'کارکرد اداری'!$N$4:$N$204,"0",0)) -> 0 | H77: =_xlfn.XLOOKUP(D77,'کارکرد اداری'!$C$4:$C$204,'کارکرد اداری'!$K$4:$K$204,0,1) -> 0 | I77: =_xlfn.XLOOKUP(D77,'کارکرد اداری'!$C$4:$C$204,'کارکرد اداری'!$I$4:$I$204,0,1) -> 0 | J77: {=_xlfn.IFNA(INDEX('کارکرد اداری'!J:J,MATCH(C77,'کارکرد اداری'!B:B,0),0),INDEX('کارکرد اداری'!J:J,MATCH(D77,'کارکرد اداری'!C:C,0),0))} -> #N/A | K77: {=_xlfn.IFNA(INDEX('کارکرد اداری'!R:R,MATCH(C77,'کارکرد اداری'!B:B,0),0),INDEX('کارکرد اداری'!R:R,MATCH(D77,'کارکرد اداری'!C:C,0),0))} -> #N/A | L77: {=_xlfn.IFNA(INDEX('کارکرد اداری'!S:S,MATCH(C77,'کارکرد اداری'!B:B,0),0),INDEX('کارکرد اداری'!S:S,MATCH(D77,'کارکرد اداری'!C:C,0),0))} -> #N/A | M77: {=_xlfn.IFNA(INDEX('کارکرد اداری'!P:P,MATCH(C77,'کارکرد اداری'!B:B,0),0),INDEX('کارکرد اداری'!P:P,MATCH(D77,'کارکرد اداری'!C:C,0),0))} -> #N/A | N77: {=_xlfn.IFNA(INDEX('کارکرد اداری'!Q:Q,MATCH(C77,'کارکرد اداری'!B:B,0),0),INDEX('کارکرد اداری'!Q:Q,MATCH(D77,'کارکرد اداری'!C:C,0),0))} -> #N/A | O77: =$F$1-$M$1-G77-H77-I77-J77 -> #N/A | P77: =((O77*440+M77*60+N77)-(K77*60-L77))/60 -> #N/A | Q77: {=_xlfn.IFNA(INDEX(نهایی!CW:CW,MATCH(D77,نهایی!B:B,0),0)/60,INDEX(نهایی!CW:CW,MATCH(C77,نهایی!B:B,0),0)/60)} -> 122 | R77: =Q77-P77 -> #N/A | S77: =_xlfn.IFNA(INDEX(نهایی!CX:CX,MATCH(D77,نهایی!B:B,0)),INDEX(نهایی!CX:CX,MATCH(C77,نهایی!B:B,0))) -> 117.59981 | T77: =IF(S77>Q77,"",Q77-S77) -> 4.4001872 | U77: =IF(Q77>S77,"",S77-Q77) | V77: =IF(P77>S77,P77-S77,"") -> #N/A | W77: =IF(P77<S77,S77-P77,"") -> #N/A | X77: =ROUNDDOWN(IF((0.95-S77/P77)>0,(0.95-S77/P77),0)*Q77,0) -> #N/A | Y77: =ROUNDUP((IF(((S77/P77)-0.97)>0,((S77/P77)-0.97),0)*Q77)/1,0) -> #N/A | Z77: =VLOOKUP(C77,نهایی!B:B,1,0) -> 1112 | AA77: =VLOOKUP(D77,نهایی!B:B,1,0) -> #N/A
A78: آموزشی | C78: 1185 | D78: 1185 | E78: سعید عاشوری | G78: =_xlfn.IFNA(_xlfn.XLOOKUP(D78,'کارکرد اداری'!$C$4:$C$204,'کارکرد اداری'!$N$4:$N$204,"0",0),_xlfn.XLOOKUP(C78,'کارکرد اداری'!$C$4:$C$204,'کارکرد اداری'!$N$4:$N$204,"0",0)) -> #N/A | H78: =_xlfn.XLOOKUP(D78,'کارکرد اداری'!$C$4:$C$204,'کارکرد اداری'!$K$4:$K$204,0,1) -> 0 | I78: =_xlfn.XLOOKUP(D78,'کارکرد اداری'!$C$4:$C$204,'کارکرد اداری'!$I$4:$I$204,0,1) -> 0 | J78: {=_xlfn.IFNA(INDEX('کارکرد اداری'!J:J,MATCH(C78,'کارکرد اداری'!B:B,0),0),INDEX('کارکرد اداری'!J:J,MATCH(D78,'کارکرد اداری'!C:C,0),0))} -> #N/A | K78: {=_xlfn.IFNA(INDEX('کارکرد اداری'!R:R,MATCH(C78,'کارکرد اداری'!B:B,0),0),INDEX('کارکرد اداری'!R:R,MATCH(D78,'کارکرد اداری'!C:C,0),0))} -> #N/A | L78: {=_xlfn.IFNA(INDEX('کارکرد اداری'!S:S,MATCH(C78,'کارکرد اداری'!B:B,0),0),INDEX('کارکرد اداری'!S:S,MATCH(D78,'کارکرد اداری'!C:C,0),0))} -> #N/A | M78: {=_xlfn.IFNA(INDEX('کارکرد اداری'!P:P,MATCH(C78,'کارکرد اداری'!B:B,0),0),INDEX('کارکرد اداری'!P:P,MATCH(D78,'کارکرد اداری'!C:C,0),0))} -> #N/A | N78: {=_xlfn.IFNA(INDEX('کارکرد اداری'!Q:Q,MATCH(C78,'کارکرد اداری'!B:B,0),0),INDEX('کارکرد اداری'!Q:Q,MATCH(D78,'کارکرد اداری'!C:C,0),0))} -> #N/A | O78: =$F$1-$M$1-G78-H78-I78-J78 -> #N/A | P78: =((O78*440+M78*60+N78)-(K78*60-L78))/60 -> #N/A | Q78: {=_xlfn.IFNA(INDEX(نهایی!CW:CW,MATCH(D78,نهایی!B:B,0),0)/60,INDEX(نهایی!CW:CW,MATCH(C78,نهایی!B:B,0),0)/60)} -> 157.16667 | R78: =Q78-P78 -> #N/A | S78: =_xlfn.IFNA(INDEX(نهایی!CX:CX,MATCH(D78,نهایی!B:B,0)),INDEX(نهایی!CX:CX,MATCH(C78,نهایی!B:B,0))) -> 149.64759 | T78: =IF(S78>Q78,"",Q78-S78) -> 7.5190756 | U78: =IF(Q78>S78,"",S78-Q78) | V78: =IF(P78>S78,P78-S78,"") -> #N/A | W78: =IF(P78<S78,S78-P78,"") -> #N/A | X78: =ROUNDDOWN(IF((0.95-S78/P78)>0,(0.95-S78/P78),0)*Q78,0) -> #N/A | Y78: =ROUNDUP((IF(((S78/P78)-0.97)>0,((S78/P78)-0.97),0)*Q78)/1,0) -> #N/A | Z78: =VLOOKUP(C78,نهایی!B:B,1,0) -> 1185 | AA78: =VLOOKUP(D78,نهایی!B:B,1,0) -> 1185
A79: تزریق | C79: =_xlfn.XLOOKUP(D79,'کارکرد اداری'!$C$3:$C$106,'کارکرد اداری'!$B$3:$B$106,0,1) -> 700 | D79: 14603 | E79: حجت دشتی | G79: =_xlfn.IFNA(_xlfn.XLOOKUP(D79,'کارکرد اداری'!$C$4:$C$204,'کارکرد اداری'!$N$4:$N$204,"0",0),_xlfn.XLOOKUP(C79,'کارکرد اداری'!$C$4:$C$204,'کارکرد اداری'!$N$4:$N$204,"0",0)) -> 0 | H79: =_xlfn.XLOOKUP(D79,'کارکرد اداری'!$C$4:$C$204,'کارکرد اداری'!$K$4:$K$204,0,1) -> 0 | I79: =_xlfn.XLOOKUP(D79,'کارکرد اداری'!$C$4:$C$204,'کارکرد اداری'!$I$4:$I$204,0,1) -> 0 | J79: {=_xlfn.IFNA(INDEX('کارکرد اداری'!J:J,MATCH(C79,'کارکرد اداری'!B:B,0),0),INDEX('کارکرد اداری'!J:J,MATCH(D79,'کارکرد اداری'!C:C,0),0))} -> #N/A | K79: {=_xlfn.IFNA(INDEX('کارکرد اداری'!R:R,MATCH(C79,'کارکرد اداری'!B:B,0),0),INDEX('کارکرد اداری'!R:R,MATCH(D79,'کارکرد اداری'!C:C,0),0))} -> #N/A | L79: {=_xlfn.IFNA(INDEX('کارکرد اداری'!S:S,MATCH(C79,'کارکرد اداری'!B:B,0),0),INDEX('کارکرد اداری'!S:S,MATCH(D79,'کارکرد اداری'!C:C,0),0))} -> #N/A | M79: {=_xlfn.IFNA(INDEX('کارکرد اداری'!P:P,MATCH(C79,'کارکرد اداری'!B:B,0),0),INDEX('کارکرد اداری'!P:P,MATCH(D79,'کارکرد اداری'!C:C,0),0))} -> #N/A | N79: {=_xlfn.IFNA(INDEX('کارکرد اداری'!Q:Q,MATCH(C79,'کارکرد اداری'!B:B,0),0),INDEX('کارکرد اداری'!Q:Q,MATCH(D79,'کارکرد اداری'!C:C,0),0))} -> #N/A | O79: =$F$1-$M$1-G79-H79-I79-J79 -> #N/A | P79: =((O79*440+M79*60+N79)-(K79*60-L79))/60 -> #N/A | Q79: {=_xlfn.IFNA(INDEX(نهایی!CW:CW,MATCH(D79,نهایی!B:B,0),0)/60,INDEX(نهایی!CW:CW,MATCH(C79,نهایی!B:B,0),0)/60)} -> 122.83333 | R79: =Q79-P79 -> #N/A | S79: =_xlfn.IFNA(INDEX(نهایی!CX:CX,MATCH(D79,نهایی!B:B,0)),INDEX(نهایی!CX:CX,MATCH(C79,نهایی!B:B,0))) -> 112.38025 | T79: =IF(S79>Q79,"",Q79-S79) -> 10.453081 | U79: =IF(Q79>S79,"",S79-Q79) | V79: =IF(P79>S79,P79-S79,"") -> #N/A | W79: =IF(P79<S79,S79-P79,"") -> #N/A | X79: =ROUNDDOWN(IF((0.95-S79/P79)>0,(0.95-S79/P79),0)*Q79,0) -> #N/A | Y79: =ROUNDUP((IF(((S79/P79)-0.97)>0,((S79/P79)-0.97),0)*Q79)/1,0) -> #N/A | Z79: =VLOOKUP(C79,نهایی!B:B,1,0) -> #N/A | AA79: =VLOOKUP(D79,نهایی!B:B,1,0) -> 14603
C80: =_xlfn.XLOOKUP(D80,'کارکرد اداری'!$C$3:$C$106,'کارکرد اداری'!$B$3:$B$106,0,1) -> 1063 | D80: 14799 | E80: فرشته حمیدی | G80: =_xlfn.IFNA(_xlfn.XLOOKUP(D80,'کارکرد اداری'!$C$4:$C$204,'کارکرد اداری'!$N$4:$N$204,"0",0),_xlfn.XLOOKUP(C80,'کارکرد اداری'!$C$4:$C$204,'کارکرد اداری'!$N$4:$N$204,"0",0)) -> 0 | H80: =_xlfn.XLOOKUP(D80,'کارکرد اداری'!$C$4:$C$204,'کارکرد اداری'!$K$4:$K$204,0,1) -> 0 | I80: =_xlfn.XLOOKUP(D80,'کارکرد اداری'!$C$4:$C$204,'کارکرد اداری'!$I$4:$I$204,0,1) -> 0 | J80: {=_xlfn.IFNA(INDEX('کارکرد اداری'!J:J,MATCH(C80,'کارکرد اداری'!B:B,0),0),INDEX('کارکرد اداری'!J:J,MATCH(D80,'کارکرد اداری'!C:C,0),0))} -> #N/A | K80: {=_xlfn.IFNA(INDEX('کارکرد اداری'!R:R,MATCH(C80,'کارکرد اداری'!B:B,0),0),INDEX('کارکرد اداری'!R:R,MATCH(D80,'کارکرد اداری'!C:C,0),0))} -> #N/A | L80: {=_xlfn.IFNA(INDEX('کارکرد اداری'!S:S,MATCH(C80,'کارکرد اداری'!B:B,0),0),INDEX('کارکرد اداری'!S:S,MATCH(D80,'کارکرد اداری'!C:C,0),0))} -> #N/A | M80: {=_xlfn.IFNA(INDEX('کارکرد اداری'!P:P,MATCH(C80,'کارکرد اداری'!B:B,0),0),INDEX('کارکرد اداری'!P:P,MATCH(D80,'کارکرد اداری'!C:C,0),0))} -> #N/A | N80: {=_xlfn.IFNA(INDEX('کارکرد اداری'!Q:Q,MATCH(C80,'کارکرد اداری'!B:B,0),0),INDEX('کارکرد اداری'!Q:Q,MATCH(D80,'کارکرد اداری'!C:C,0),0))} -> #N/A | O80: =$F$1-$M$1-G80-H80-I80-J80 -> #N/A | P80: =((O80*440+M80*60+N80)-(K80*60-L80))/60 -> #N/A | Q80: {=_xlfn.IFNA(INDEX(نهایی!CW:CW,MATCH(D80,نهایی!B:B,0),0)/60,INDEX(نهایی!CW:CW,MATCH(C80,نهایی!B:B,0),0)/60)} -> 154.66667 | R80: =Q80-P80 -> #N/A | S80: =_xlfn.IFNA(INDEX(نهایی!CX:CX,MATCH(D80,نهایی!B:B,0)),INDEX(نهایی!CX:CX,MATCH(C80,نهایی!B:B,0))) -> 147.82543 | T80: =IF(S80>Q80,"",Q80-S80) -> 6.8412369 | U80: =IF(Q80>S80,"",S80-Q80) | V80: =IF(P80>S80,P80-S80,"") -> #N/A | W80: =IF(P80<S80,S80-P80,"") -> #N/A | X80: =ROUNDDOWN(IF((0.95-S80/P80)>0,(0.95-S80/P80),0)*Q80,0) -> #N/A | Y80: =ROUNDUP((IF(((S80/P80)-0.97)>0,((S80/P80)-0.97),0)*Q80)/1,0) -> #N/A | Z80: =VLOOKUP(C80,نهایی!B:B,1,0) -> 1063 | AA80: =VLOOKUP(D80,نهایی!B:B,1,0) -> #N/A
A81: انبار / تولید | C81: 767 | D81: 14641 | E81: مجید شاهین فر | G81: =_xlfn.IFNA(_xlfn.XLOOKUP(D81,'کارکرد اداری'!$C$4:$C$204,'کارکرد اداری'!$N$4:$N$204,"0",0),_xlfn.XLOOKUP(C81,'کارکرد اداری'!$C$4:$C$204,'کارکرد اداری'!$N$4:$N$204,"0",0)) -> 0 | H81: =_xlfn.XLOOKUP(D81,'کارکرد اداری'!$C$4:$C$204,'کارکرد اداری'!$K$4:$K$204,0,1) -> 0 | I81: =_xlfn.XLOOKUP(D81,'کارکرد اداری'!$C$4:$C$204,'کارکرد اداری'!$I$4:$I$204,0,1) -> 0 | J81: {=_xlfn.IFNA(INDEX('کارکرد اداری'!J:J,MATCH(C81,'کارکرد اداری'!B:B,0),0),INDEX('کارکرد اداری'!J:J,MATCH(D81,'کارکرد اداری'!C:C,0),0))} -> #N/A | K81: {=_xlfn.IFNA(INDEX('کارکرد اداری'!R:R,MATCH(C81,'کارکرد اداری'!B:B,0),0),INDEX('کارکرد اداری'!R:R,MATCH(D81,'کارکرد اداری'!C:C,0),0))} -> #N/A | L81: {=_xlfn.IFNA(INDEX('کارکرد اداری'!S:S,MATCH(C81,'کارکرد اداری'!B:B,0),0),INDEX('کارکرد اداری'!S:S,MATCH(D81,'کارکرد اداری'!C:C,0),0))} -> #N/A | M81: {=_xlfn.IFNA(INDEX('کارکرد اداری'!P:P,MATCH(C81,'کارکرد اداری'!B:B,0),0),INDEX('کارکرد اداری'!P:P,MATCH(D81,'کارکرد اداری'!C:C,0),0))} -> #N/A | N81: {=_xlfn.IFNA(INDEX('کارکرد اداری'!Q:Q,MATCH(C81,'کارکرد اداری'!B:B,0),0),INDEX('کارکرد اداری'!Q:Q,MATCH(D81,'کارکرد اداری'!C:C,0),0))} -> #N/A | O81: =$F$1-$M$1-G81-H81-I81-J81 -> #N/A | P81: =((O81*440+M81*60+N81)-(K81*60-L81))/60 -> #N/A | Q81: {=_xlfn.IFNA(INDEX(نهایی!CW:CW,MATCH(D81,نهایی!B:B,0),0)/60,INDEX(نهایی!CW:CW,MATCH(C81,نهایی!B:B,0),0)/60)} -> 130.66667 | R81: =Q81-P81 -> #N/A | S81: =_xlfn.IFNA(INDEX(نهایی!CX:CX,MATCH(D81,نهایی!B:B,0)),INDEX(نهایی!CX:CX,MATCH(C81,نهایی!B:B,0))) -> 111.31816 | T81: =IF(S81>Q81,"",Q81-S81) -> 19.348504 | U81: =IF(Q81>S81,"",S81-Q81) | V81: =IF(P81>S81,P81-S81,"") -> #N/A | W81: =IF(P81<S81,S81-P81,"") -> #N/A | X81: =ROUNDDOWN(IF((0.95-S81/P81)>0,(0.95-S81/P81),0)*Q81,0) -> #N/A | Y81: =ROUNDUP((IF(((S81/P81)-0.97)>0,((S81/P81)-0.97),0)*Q81)/1,0) -> #N/A | Z81: =VLOOKUP(C81,نهایی!B:B,1,0) -> #N/A | AA81: =VLOOKUP(D81,نهایی!B:B,1,0) -> 14641
C82: =_xlfn.XLOOKUP(D82,'کارکرد اداری'!$C$3:$C$106,'کارکرد اداری'!$B$3:$B$106,0,1) -> 1095 | D82: 14888 | E82: علی اسماعیلی زو | G82: =_xlfn.IFNA(_xlfn.XLOOKUP(D82,'کارکرد اداری'!$C$4:$C$204,'کارکرد اداری'!$N$4:$N$204,"0",0),_xlfn.XLOOKUP(C82,'کارکرد اداری'!$C$4:$C$204,'کارکرد اداری'!$N$4:$N$204,"0",0)) -> 0 | H82: =_xlfn.XLOOKUP(D82,'کارکرد اداری'!$C$4:$C$204,'کارکرد اداری'!$K$4:$K$204,0,1) -> 0 | I82: =_xlfn.XLOOKUP(D82,'کارکرد اداری'!$C$4:$C$204,'کارکرد اداری'!$I$4:$I$204,0,1) -> 0 | J82: {=_xlfn.IFNA(INDEX('کارکرد اداری'!J:J,MATCH(C82,'کارکرد اداری'!B:B,0),0),INDEX('کارکرد اداری'!J:J,MATCH(D82,'کارکرد اداری'!C:C,0),0))} -> #N/A | K82: {=_xlfn.IFNA(INDEX('کارکرد اداری'!R:R,MATCH(C82,'کارکرد اداری'!B:B,0),0),INDEX('کارکرد اداری'!R:R,MATCH(D82,'کارکرد اداری'!C:C,0),0))} -> #N/A | L82: {=_xlfn.IFNA(INDEX('کارکرد اداری'!S:S,MATCH(C82,'کارکرد اداری'!B:B,0),0),INDEX('کارکرد اداری'!S:S,MATCH(D82,'کارکرد اداری'!C:C,0),0))} -> #N/A | M82: {=_xlfn.IFNA(INDEX('کارکرد اداری'!P:P,MATCH(C82,'کارکرد اداری'!B:B,0),0),INDEX('کارکرد اداری'!P:P,MATCH(D82,'کارکرد اداری'!C:C,0),0))} -> #N/A | N82: {=_xlfn.IFNA(INDEX('کارکرد اداری'!Q:Q,MATCH(C82,'کارکرد اداری'!B:B,0),0),INDEX('کارکرد اداری'!Q:Q,MATCH(D82,'کارکرد اداری'!C:C,0),0))} -> #N/A | O82: =$F$1-$M$1-G82-H82-I82-J82 -> #N/A | P82: =((O82*440+M82*60+N82)-(K82*60-L82))/60 -> #N/A | Q82: {=_xlfn.IFNA(INDEX(نهایی!CW:CW,MATCH(D82,نهایی!B:B,0),0)/60,INDEX(نهایی!CW:CW,MATCH(C82,نهایی!B:B,0),0)/60)} -> 129.33333 | R82: =Q82-P82 -> #N/A | S82: =_xlfn.IFNA(INDEX(نهایی!CX:CX,MATCH(D82,نهایی!B:B,0)),INDEX(نهایی!CX:CX,MATCH(C82,نهایی!B:B,0))) -> 114.32019 | T82: =IF(S82>Q82,"",Q82-S82) -> 15.013146 | U82: =IF(Q82>S82,"",S82-Q82) | V82: =IF(P82>S82,P82-S82,"") -> #N/A | W82: =IF(P82<S82,S82-P82,"") -> #N/A | X82: =ROUNDDOWN(IF((0.95-S82/P82)>0,(0.95-S82/P82),0)*Q82,0) -> #N/A | Y82: =ROUNDUP((IF(((S82/P82)-0.97)>0,((S82/P82)-0.97),0)*Q82)/1,0) -> #N/A | Z82: =VLOOKUP(C82,نهایی!B:B,1,0) -> 1095 | AA82: =VLOOKUP(D82,نهایی!B:B,1,0) -> #N/A
A83: آموزشی | C83: 1182 | D83: 1182 | E83: سعید شعیبی جشن آباد | G83: =_xlfn.IFNA(_xlfn.XLOOKUP(D83,'کارکرد اداری'!$C$4:$C$204,'کارکرد اداری'!$N$4:$N$204,"0",0),_xlfn.XLOOKUP(C83,'کارکرد اداری'!$C$4:$C$204,'کارکرد اداری'!$N$4:$N$204,"0",0)) -> #N/A | H83: =_xlfn.XLOOKUP(D83,'کارکرد اداری'!$C$4:$C$204,'کارکرد اداری'!$K$4:$K$204,0,1) -> 0 | I83: =_xlfn.XLOOKUP(D83,'کارکرد اداری'!$C$4:$C$204,'کارکرد اداری'!$I$4:$I$204,0,1) -> 0 | J83: {=_xlfn.IFNA(INDEX('کارکرد اداری'!J:J,MATCH(C83,'کارکرد اداری'!B:B,0),0),INDEX('کارکرد اداری'!J:J,MATCH(D83,'کارکرد اداری'!C:C,0),0))} -> #N/A | K83: {=_xlfn.IFNA(INDEX('کارکرد اداری'!R:R,MATCH(C83,'کارکرد اداری'!B:B,0),0),INDEX('کارکرد اداری'!R:R,MATCH(D83,'کارکرد اداری'!C:C,0),0))} -> #N/A | L83: {=_xlfn.IFNA(INDEX('کارکرد اداری'!S:S,MATCH(C83,'کارکرد اداری'!B:B,0),0),INDEX('کارکرد اداری'!S:S,MATCH(D83,'کارکرد اداری'!C:C,0),0))} -> #N/A | M83: {=_xlfn.IFNA(INDEX('کارکرد اداری'!P:P,MATCH(C83,'کارکرد اداری'!B:B,0),0),INDEX('کارکرد اداری'!P:P,MATCH(D83,'کارکرد اداری'!C:C,0),0))} -> #N/A | N83: {=_xlfn.IFNA(INDEX('کارکرد اداری'!Q:Q,MATCH(C83,'کارکرد اداری'!B:B,0),0),INDEX('کارکرد اداری'!Q:Q,MATCH(D83,'کارکرد اداری'!C:C,0),0))} -> #N/A | O83: =$F$1-$M$1-G83-H83-I83-J83 -> #N/A | P83: =((O83*440+M83*60+N83)-(K83*60-L83))/60 -> #N/A | Q83: {=_xlfn.IFNA(INDEX(نهایی!CW:CW,MATCH(D83,نهایی!B:B,0),0)/60,INDEX(نهایی!CW:CW,MATCH(C83,نهایی!B:B,0),0)/60)} -> 134.16667 | R83: =Q83-P83 -> #N/A | S83: =_xlfn.IFNA(INDEX(نهایی!CX:CX,MATCH(D83,نهایی!B:B,0)),INDEX(نهایی!CX:CX,MATCH(C83,نهایی!B:B,0)))+9 -> 126.24569 | T83: =IF(S83>Q83,"",Q83-S83) -> 7.9209772 | U83: =IF(Q83>S83,"",S83-Q83) | V83: =IF(P83>S83,P83-S83,"") -> #N/A | W83: =IF(P83<S83,S83-P83,"") -> #N/A | X83: =ROUNDDOWN(IF((0.95-S83/P83)>0,(0.95-S83/P83),0)*Q83,0) -> #N/A | Y83: =ROUNDUP((IF(((S83/P83)-0.97)>0,((S83/P83)-0.97),0)*Q83)/1,0) -> #N/A | Z83: =VLOOKUP(C83,نهایی!B:B,1,0) -> 1182 | AA83: =VLOOKUP(D83,نهایی!B:B,1,0) -> 1182 | AB83: با نظر سرپرستان تولید و بخاطر آموزش این افراد در فرایندهای جدید ، در کسر کار این افراد تخفیف اعمال شده است
A84: آموزشی | C84: 1170 | D84: 1170 | E84: رعنا سیستانی شورستانی | G84: =_xlfn.IFNA(_xlfn.XLOOKUP(D84,'کارکرد اداری'!$C$4:$C$204,'کارکرد اداری'!$N$4:$N$204,"0",0),_xlfn.XLOOKUP(C84,'کارکرد اداری'!$C$4:$C$204,'کارکرد اداری'!$N$4:$N$204,"0",0)) -> #N/A | H84: =_xlfn.XLOOKUP(D84,'کارکرد اداری'!$C$4:$C$204,'کارکرد اداری'!$K$4:$K$204,0,1) -> 0 | I84: =_xlfn.XLOOKUP(D84,'کارکرد اداری'!$C$4:$C$204,'کارکرد اداری'!$I$4:$I$204,0,1) -> 0 | J84: {=_xlfn.IFNA(INDEX('کارکرد اداری'!J:J,MATCH(C84,'کارکرد اداری'!B:B,0),0),INDEX('کارکرد اداری'!J:J,MATCH(D84,'کارکرد اداری'!C:C,0),0))} -> #N/A | K84: {=_xlfn.IFNA(INDEX('کارکرد اداری'!R:R,MATCH(C84,'کارکرد اداری'!B:B,0),0),INDEX('کارکرد اداری'!R:R,MATCH(D84,'کارکرد اداری'!C:C,0),0))} -> #N/A | L84: {=_xlfn.IFNA(INDEX('کارکرد اداری'!S:S,MATCH(C84,'کارکرد اداری'!B:B,0),0),INDEX('کارکرد اداری'!S:S,MATCH(D84,'کارکرد اداری'!C:C,0),0))} -> #N/A | M84: {=_xlfn.IFNA(INDEX('کارکرد اداری'!P:P,MATCH(C84,'کارکرد اداری'!B:B,0),0),INDEX('کارکرد اداری'!P:P,MATCH(D84,'کارکرد اداری'!C:C,0),0))} -> #N/A | N84: {=_xlfn.IFNA(INDEX('کارکرد اداری'!Q:Q,MATCH(C84,'کارکرد اداری'!B:B,0),0),INDEX('کارکرد اداری'!Q:Q,MATCH(D84,'کارکرد اداری'!C:C,0),0))} -> #N/A | O84: =$F$1-$M$1-G84-H84-I84-J84 -> #N/A | P84: =((O84*440+M84*60+N84)-(K84*60-L84))/60 -> #N/A | Q84: {=_xlfn.IFNA(INDEX(نهایی!CW:CW,MATCH(D84,نهایی!B:B,0),0)/60,INDEX(نهایی!CW:CW,MATCH(C84,نهایی!B:B,0),0)/60)} -> 161.33333 | R84: =Q84-P84 -> #N/A | S84: =_xlfn.IFNA(INDEX(نهایی!CX:CX,MATCH(D84,نهایی!B:B,0)),INDEX(نهایی!CX:CX,MATCH(C84,نهایی!B:B,0)))+61 -> 143.13127 | T84: =IF(S84>Q84,"",Q84-S84) -> 18.202062 | U84: =IF(Q84>S84,"",S84-Q84) | V84: =IF(P84>S84,P84-S84,"") -> #N/A | W84: =IF(P84<S84,S84-P84,"") -> #N/A | X84: =ROUNDDOWN(IF((0.95-S84/P84)>0,(0.95-S84/P84),0)*Q84,0) -> #N/A | Y84: =ROUNDUP((IF(((S84/P84)-0.97)>0,((S84/P84)-0.97),0)*Q84)/1,0) -> #N/A | Z84: =VLOOKUP(C84,نهایی!B:B,1,0) -> 1170 | AA84: =VLOOKUP(D84,نهایی!B:B,1,0) -> 1170 | AB84: با نظر سرپرستان تولید و بخاطر آموزش این افراد در فرایندهای جدید ، در کسر کار این افراد تخفیف اعمال شده است
A85: آموزشی | C85: 1193 | D85: 1193 | E85: فاطمه قلندر | G85: =_xlfn.IFNA(_xlfn.XLOOKUP(D85,'کارکرد اداری'!$C$4:$C$204,'کارکرد اداری'!$N$4:$N$204,"0",0),_xlfn.XLOOKUP(C85,'کارکرد اداری'!$C$4:$C$204,'کارکرد اداری'!$N$4:$N$204,"0",0)) -> #N/A | H85: =_xlfn.XLOOKUP(D85,'کارکرد اداری'!$C$4:$C$204,'کارکرد اداری'!$K$4:$K$204,0,1) -> 0 | I85: =_xlfn.XLOOKUP(D85,'کارکرد اداری'!$C$4:$C$204,'کارکرد اداری'!$I$4:$I$204,0,1) -> 0 | J85: {=_xlfn.IFNA(INDEX('کارکرد اداری'!J:J,MATCH(C85,'کارکرد اداری'!B:B,0),0),INDEX('کارکرد اداری'!J:J,MATCH(D85,'کارکرد اداری'!C:C,0),0))} -> #N/A | K85: {=_xlfn.IFNA(INDEX('کارکرد اداری'!R:R,MATCH(C85,'کارکرد اداری'!B:B,0),0),INDEX('کارکرد اداری'!R:R,MATCH(D85,'کارکرد اداری'!C:C,0),0))} -> #N/A | L85: {=_xlfn.IFNA(INDEX('کارکرد اداری'!S:S,MATCH(C85,'کارکرد اداری'!B:B,0),0),INDEX('کارکرد اداری'!S:S,MATCH(D85,'کارکرد اداری'!C:C,0),0))} -> #N/A | M85: {=_xlfn.IFNA(INDEX('کارکرد اداری'!P:P,MATCH(C85,'کارکرد اداری'!B:B,0),0),INDEX('کارکرد اداری'!P:P,MATCH(D85,'کارکرد اداری'!C:C,0),0))} -> #N/A | N85: {=_xlfn.IFNA(INDEX('کارکرد اداری'!Q:Q,MATCH(C85,'کارکرد اداری'!B:B,0),0),INDEX('کارکرد اداری'!Q:Q,MATCH(D85,'کارکرد اداری'!C:C,0),0))} -> #N/A | O85: =$F$1-$M$1-G85-H85-I85-J85-10 -> #N/A | P85: =((O85*440+M85*60+N85)-(K85*60-L85))/60 -> #N/A | Q85: {=_xlfn.IFNA(INDEX(نهایی!CW:CW,MATCH(D85,نهایی!B:B,0),0)/60,INDEX(نهایی!CW:CW,MATCH(C85,نهایی!B:B,0),0)/60)} -> 108.16667 | R85: =Q85-P85 -> #N/A | S85: =_xlfn.IFNA(INDEX(نهایی!CX:CX,MATCH(D85,نهایی!B:B,0)),INDEX(نهایی!CX:CX,MATCH(C85,نهایی!B:B,0)))+50 -> 96.682171 | T85: =IF(S85>Q85,"",Q85-S85) -> 11.484496 | U85: =IF(Q85>S85,"",S85-Q85) | V85: =IF(P85>S85,P85-S85,"") -> #N/A | W85: =IF(P85<S85,S85-P85,"") -> #N/A | X85: =ROUNDDOWN(IF((0.95-S85/P85)>0,(0.95-S85/P85),0)*Q85,0) -> #N/A | Y85: =ROUNDUP((IF(((S85/P85)-0.97)>0,((S85/P85)-0.97),0)*Q85)/1,0) -> #N/A | Z85: =VLOOKUP(C85,نهایی!B:B,1,0) -> 1193 | AA85: =VLOOKUP(D85,نهایی!B:B,1,0) -> 1193 | AB85: با نظر سرپرستان تولید و بخاطر آموزش این افراد در فرایندهای جدید ، در کسر کار این افراد تخفیف اعمال شده است
