Workbook
Name _Hlk327020827: 'SEFARESH TOLID'!$B$41

Sheet base
A1: کد کالا (انبار 3) | B1: کد کالا (انبار4) | C1: Ref. No. | D1: نوع کلید مینیاتوری | E1: کد جدید کالا | F1: ضریب | G1: اصطلاح در بازار | H1: تعداد در کارتن
A2: 331150101 | C2: 566501 | D2: EP61 B06 | E2: 330000146 | F2: 1 | G2: کلید مینیاتوری تک فاز 06آمپر تیپB (10 KA) | H2: 120 | J2: ردیف | K2: نام فروشگاه | L2: مدیریت فروشگاه | M2: آدرس | N2: تلفن | O2: شماره اقتصادی | P2: کد عاملیت
A3: 331150102 | C3: 566502 | D3: EP61 B10 | E3: 330000148 | F3: 1 | G3: کلید مینیاتوری تک فاز 10 آمپر تیپ B (10 KA) | H3: 120 | J3: 1 | K3: الکترو آ.ا.گ - تهران | L3: کریمی | M3: تهران - خیابان لاله زار جنوبی- پاساژ ادیسون پلاک 1 | N3: 021-33111679 | O3: 4280386862 | P3: 13335
A4: 331150103 | C4: 566503 | D4: EP61 B16 | E4: 330000150 | F4: 1 | G4: کلید مینیاتوری تک فاز16 آمپر تیپ B (10 KA) | H4: 120 | J4: 2 | K4: الکترو آ.ا.گ - اهواز | L4: منجزی | M4: اهواز - خیابان طالقانی - بین نظامی و فردوسی- جنب پاساژ برق | N4: 061-32216147-32233186-7 | O4: 1971490441 | P4: 13499
A5: 331150104 | C5: 566504 | D5: EP61 B20 | E5: 330000152 | F5: 1 | G5: کلید مینیاتوری تک فاز20 آمپر تیپ B (10 KA) | H5: 120 | J5: 3 | K5: الکتروسهیل - مشهد | L5: قائمی | M5: مشهد - خیابان آخوند خراسانی- آخوند خراسانی 10 - جنب بانک ملی - شماره 940/2 | N5: 051-32255416 | O5: 938604023 | P5: 13937
A6: 331150105 | C6: 566505 | D6: EP61 B25 | E6: 330000154 | F6: 1 | G6: کلید مینیاتوری تک فاز25 آمپر تیپ B (10 KA) | H6: 120 | J6: 4 | K6: خانه برق ایمن-قم | L6: اروجلو | M6: قم -بلوار شهید صدوقی -خیابان عطاران -ابتدای کوچه 10 -ساختمان تسنیم واحد 4 کدپستی :3716669166 | N6: 025-32944718 | O6: 5719117202 | P6: 13818
A7: 331150106 | C7: 566506 | D7: EP61 B32 | E7: 330000156 | F7: 1 | G7: کلید مینیاتوری تک فاز32 آمپر تیپ B (10 KA) | H7: 120 | J7: 5 | K7: خیام الکتریک -سنندج | L7: محمدی | M7: سنندج -چهارراه شهدا - ابتدای خیابان 17 شهریور - پلاک 109 | N7: 087- 33170220-33170111 | O7: 6469508464 | P7: 13392
A8: 331150107 | C8: 566507 | D8: EP61 B40 | E8: 330000158 | F8: 1 | G8: کلید مینیاتوری تک فاز40 آمپر تیپ B (10 KA) | H8: 120 | J8: 6 | K8: کالای برق عسکری-رشت | L8: عسکری | M8: رشت - فلکه گاز- مقابل آپارتمان های رامیرزا | N8: 013-33471780 | O8: 2594067423 | P8: 13383
A9: 331150117 | C9: 566508 | D9: EP61 B50 | E9: 330000160 | F9: 1 | G9: کلید مینیاتوری تک فاز50 آمپر تیپ B (10 KA) | H9: 120 | J9: 7 | K9: کالای برق ولیعصر-شیراز | L9: مصلح | M9: شیراز - خیابان قاآنی شمالی 4 | N9: 071-32362725 | O9: 5139827166 | P9: 13760
A10: 331150118 | C10: 566509 | D10: EP61 B63 | E10: 330000162 | F10: 1 | G10: کلید مینیاتوری تک فاز63 آمپر تیپ B (10 KA) | H10: 120 | K10: کالای برق ولیعصر-شیراز | L10: مصلح | M10: شیراز - خیابان قاآنی شمالی 5 | N10: 071-32362725 | O10: 5139827166 | P10: 132345
A11: 331150108 | C11: 566515 | D11: EP61 C06 | E11: 330000182 | F11: 1 | G11: کلید مینیاتوری تک فاز06 آمپر تیپ C (10 KA) | H11: 120 | K11: کالای برق ولیعصر-شیراز | L11: مصلح | M11: شیراز - خیابان قاآنی شمالی 6 | N11: 071-32362725 | O11: 5139827166 | P11: 132346
A12: 331150109 | B12: 441150109 | C12: 566516 | D12: EP61 C10 | E12: 330000165 | F12: 1 | G12: کلید مینیاتوری تک فاز10 آمپر تیپ C (10 KA) | H12: 120 | J12: 8 | K12: پدیده برق و صنعت-تهران | L12: فرهنگی | M12: تهران - خیابان لاله زار جنوبی- پاساژ بهار - طبقه دوم - پلاک 3/22 | N12: 021-33938078 | O12: 76024105 | P12: 33230
A13: 331150110 | C13: 566517 | D13: EP61 C16 | E13: 330000167 | F13: 1 | G13: کلید مینیاتوری تک فاز16 آمپر تیپ C (10 KA) | H13: 120 | J13: 9 | K13: صنایع برق موسوی -کرمانشاه | L13: موسوی | M13: کرمانشاه - میدان جوانشیر-خیابان کوهساری | N13: 083-37215080 | O13: 3256471201 | P13: 13417
A14: 331150111 | C14: 566518 | D14: EP61 C20 | E14: 330000170 | F14: 1 | G14: کلید مینیاتوری تک فاز20 آمپر تیپ C (10 KA) | H14: 120 | J14: 10 | K14: کالای برق نیرو-لرستان | L14: سلیمانی | M14: لرستان - بروجرد -خیابان حافظ شمالی - پلاک 145 | N14: 066 - 42623599 | O14: 4132032655 | P14: 13440
A15: 331150112 | B15: 441150112 | C15: 566519 | D15: EP61 C25 | E15: 330000172 | F15: 1 | G15: کلید مینیاتوری تک فاز25 آمپر تیپ C (10 KA) | H15: 120 | J15: 11 | K15: الکتروفاز -مازندران | L15: مطلبی | M15: ساری- خیابان خیام- جنب آب و فاضلاب روستایی استان | N15: 011-33245364 - 33247364 | O15: 2090199318 | P15: 13444
A16: 331150113 | B16: 441150113 | C16: 566520 | D16: EP61 C32 | E16: 330000175 | F16: 1 | G16: کلید مینیاتوری تک فاز32 آمپر تیپ C (10 KA) | H16: 120 | J16: 12 | K16: بازرگانی مدار صفر درجه شمال(کالای برق ترابی) | L16: ترابی | M16: ساری -کمربندی جنوبی، بلوار سلیم بهرامی، نبش سلیم بهرام 16 | N16: 011-33600000 | O16: 2093482428 | P16: 13299
A17: 331150114 | C17: 566521 | D17: EP61 C40 | E17: 330000178 | F17: 1 | G17: کلید مینیاتوری تک فاز40 آمپر تیپ C (10 KA) | H17: 120 | K17: بازرگانی مدار صفر درجه شمال(کالای برق ترابی) | L17: ترابی | M17: ساری -کمربندی جنوبی، بلوار سلیم بهرامی، نبش سلیم بهرام 17 | N17: 011-3360000 | O17: 2093482428 | P17: 132348
A18: 331150115 | C18: 566522 | D18: EP61 C50 | E18: 330000180 | F18: 1 | G18: کلید مینیاتوری تک فاز50 آمپر تیپ C (10 KA) | H18: 120 | J18: 13 | K18: کرمان تامین نیرو-کرمان | L18: فردوسی پور | M18: کرمان - خیابان آیت الله صالحی - حدفاصل کوچه 10 و 12 | N18: 034-32528417-32531153 | O18: 2992841846 | P18: 13955
A19: 331150116 | C19: 566523 | D19: EP61 C63 | E19: 330000184 | F19: 1 | G19: کلید مینیاتوری تک فاز63 آمپر تیپ C (10 KA) | H19: 120 | J19: 14 | K19: فروشگاه ایمن رعد-زاهدان | L19: زینلی | M19: زاهدان- خیابان امام خمینی غربی- نرسیده به آتش نشانی- روبروی امام خمینی 57 | N19: 054-33213617 | O19: 3050580811 | P19: 13470
A20: مجموع EP61 : | J20: 15 | K20: کالای برق فلسطین-گلستان | L20: توپکانلو | M20: گرگان- خیابان شهید بهشتی- 15 متری مهرآیین | N20: 017-32233632 | O20: 2121544305 | P20: 13457
A21: 332160120 | C21: 566541 | D21: EP62 B06 | E21: 330000186 | F21: 2 | G21: کلید مینیاتوری دو فاز06 آمپر تیپ B (10 KA) | H21: 60 | J21: 16 | K21: کالا ی برق خسرو-مازندران | L21: مهدوی | M21: بابل- اتوبان بابل _ آمل-نرسیده به پلیس راه بابل - ساختمان شمس | N21: 011-32277674 | O21: 2062902786 | P21: 13604
A22: 332160123 | C22: 566542 | D22: EP62 B10 | E22: - | F22: 2 | G22: کلید مینیاتوری دو فاز10 آمپر تیپ B (10 KA) | H22: 60 | J22: 17 | K22: کالای برق گرمانور-زنجان | L22: کاظمی | M22: زنجان- خبابان امام - کوچه باشگاه- روبروی بانک رفاه- الکتریکی گرمانور | N22: 024-33363532 | O22: 4281398821 | P22: 13705
A23: 332160118 | C23: 566544 | D23: EP62 B16 | E23: 330000188 | F23: 2 | G23: کلید مینیاتوری دو فاز16 آمپر تیپ B (10 KA) | H23: 60 | J23: 18 | K23: الکتروپروتون-زنجان | L23: محرمی | M23: زنجان -کوچه باشگاه- پاساژ کسری- پلاک 3 کد پستی 4517617117 | N23: 024-33336771 | O23: 4280911511 | P23: 13325
A24: 332160124 | C24: 566545 | D24: EP62 B20 | E24: 330000189 | F24: 2 | G24: کلید مینیاتوری دو فاز20 آمپر تیپ B (10 KA) | H24: 60 | J24: 19 | K24: فروشگاه RI2 | L24: سلیمی-عطایی | M24: تهران- لاله زار نو (شمالی )-مجتمع تجاری البرز 20 شماره 102 | N24: 021-66341442 | O24: 69492980 | P24: 131732
A25: 332160119 | C25: 566546 | D25: EP62 B25 | E25: 330000190 | F25: 2 | G25: کلید مینیاتوری دو فاز25 آمپر تیپ B (10 KA) | H25: 60 | J25: 20 | K25: کالای برق فراهانی | L25: ایمان فراهانی | M25: اراک- خیابان مشهد ۵۰ متر بعد از پمپ بنزین نرسیده به لعلی | N25: 086-34255880-1 | O25: 521124867 | P25: 132520
A26: 332160135 | C26: 566547 | D26: EP62 B32 | E26: 330000191 | F26: 2 | G26: کلید مینیاتوری دو فاز32 آمپر تیپ B (10 KA) | H26: 60 | J26: 21 | K26: کالای برق اسرام | L26: کلاته | M26: بجنورد - خیابان شهید بهشتی جنوبی - جنب کوچه سعدی کالای برق اسرام | N26: 09153841431 | O26: 651736919 | P26: 131809
A27: 332160131 | C27: 566548 | D27: EP62 B40 | E27: 330000192 | F27: 2 | G27: کلید مینیاتوری دو فاز40 آمپر تیپ B (10 KA) | H27: 60 | J27: 22 | K27: نیک اندیشان نوین | L27: نصیری | M27: تهران- میدان امام خمینی- خیابان لاله زار جنوبی- کوچه بوشهری ،پاساژ تهران الکتریک ،طبقه اول ،پلاک 226 | N27: 09124454952 | O27: 41154176479 | P27: 131692
A28: 332160132 | C28: 566549 | D28: EP62 B50 | E28: - | F28: 2 | G28: کلید مینیاتوری دو فاز50 آمپر تیپ B (10 KA) | H28: 60 | J28: 23 | K28: فروشگاه برق اسپادانا | L28: ربیعی | M28: اصفهان – خیابان فردوسی-جنب بن بست 19 - برق اسپادانا | N28: 031-32246465 | O28: 1270838083 | P28: 132259
A29: 332160129 | C29: 566550 | D29: EP62 B63 | E29: - | F29: 2 | G29: کلید مینیاتوری دو فاز63 آمپر تیپ B (10 KA) | H29: 60 | K29: فروشگاه برق اسپادانا | L29: ربیعی | M29: اصفهان – خیابان فردوسی-جنب بن بست 19 - برق اسپادانا | N29: 031-32246465 | O29: 1270838083 | P29: 131911
A30: 332160122 | C30: 566556 | D30: EP62 C06 | E30: 330000193 | F30: 2 | G30: کلید مینیاتوری دو فاز06 آمپر تیپ C (10 KA) | H30: 60 | J30: 24 | K30: رامین تجارت گستران پارس نور | L30: رضامند | M30: مشهد - خیابان اخوند خراسانی -بین آخوند خراسانی 7 و9-پلاک 9/9 | N30: 051-32258500 | O30: 411488338886 | P30: 131946
A31: 332160128 | C31: 566557 | D31: EP62 C10 | E31: 330000195 | F31: 2 | G31: کلید مینیاتوری دو فاز10 آمپر تیپ C (10 KA) | H31: 60 | J31: 25 | K31: کالای برق و لوسترخیربین | L31: خیربین | M31: بیرجند-خیابان شهید بهشتی -بهشتی 19- کالای برق و لوستر خیربین | N31: 056-32403502 | O31: 653300956 | P31: 131808
A32: 332160117 | C32: 566559 | D32: EP62 C16 | E32: 330000196 | F32: 2 | G32: کلید مینیاتوری دو فاز16 آمپر تیپ C (10 KA) | H32: 60 | J32: 26 | K32: کالای برق سعید | L32: عابدینی | M32: قزوین - خیابان سعدی -چهار راه نظام وفا به طرف بازار - مقابل بانک تجارت | N32: 028-33229771 | O32: 4320665422 | P32: 131901
A33: 332160133 | C33: 566560 | D33: EP62 C20 | E33: 330000197 | F33: 2 | G33: کلید مینیاتوری دو فاز20 آمپر تیپ C (10 KA) | H33: 60 | J33: 27 | K33: شایان برق هرمز | L33: فرهادی | M33: بندر عباس -خیابان کارگزاری - پشت مبل گله داری - فروشگاه شایان برق هرمز | N33: 076-32214042 | O33: 411544894683 | P33: 131660
A34: 332160115 | C34: 566561 | D34: EP62 C25 | E34: 330000198 | F34: 2 | G34: کلید مینیاتوری دو فاز25 آمپر تیپ C (10 KA) | H34: 60 | J34: 28 | K34: کالای برق یزد الکتریک | L34: پوریوسفی | M34: کرج - خیابان شهید بهشتی -حدفاصل سه راهی گوهر دشت و دهقان ویلا -جنب بانک سپه | N34: 026-34468315 | O34: 44323485801 | P34: 131871
A35: 332160116 | C35: 566562 | D35: EP62 C32 | E35: 330000199 | F35: 2 | G35: کلید مینیاتوری دو فاز32 آمپر تیپ C (10 KA) | H35: 60 | J35: 29 | K35: کالای برق آرتیمان | L35: امینی | M35: مازندران - آمل -میدان قائم -بعد از پمپ بنزین - روبروی آفتاب 56 - پلاک 110 | N35: 011-44234742-4 | O35: 2140250303 | P35: 131974
A36: 332160121 | C36: 566563 | D36: EP62 C40 | E36: 330000200 | F36: 2 | G36: کلید مینیاتوری دو فاز40 آمپر تیپ C (10 KA) | H36: 60 | J36: 30 | K36: الکتروتکنیک ارگ قدرت | L36: سیدین | M36: تبریز - خیابان فردوسی - ابتدای خیابان امین -جنب باربری لوان تور | N36: 041-35544797 | O36: 1360822194 | P36: 131973
A37: 332160136 | C37: 566564 | D37: EP62 C50 | E37: 330000201 | F37: 2 | G37: کلید مینیاتوری دو فاز50 آمپر تیپ C (10 KA) | H37: 60 | J37: 31 | K37: کالای برق مناف زاده | L37: مناف زاده | M37: اردبیل - خیابان جمهوری -کالای برق مناف زاده | N37: 045-33334834 | O37: 1465790705 | P37: 132006
A38: 332160130 | C38: 566565 | D38: EP62 C63 | E38: 330000202 | F38: 2 | G38: کلید مینیاتوری دو فاز63 آمپر تیپ C (10 KA) | H38: 60 | J38: 32 | K38: کویر صنعت یگانه | L38: یگانه فرد | M38: یزد-بلوارجمهوری-روبروی درب کارخانه افشار- ساختمان یگانه | N38: 035-35228852 | O38: 4430601992 | P38: 132304
A39: مجموع EP62 : | K39: کویر صنعت یگانه | L39: یگانه فرد | M39: یزد-بلوارجمهوری-روبروی درب کارخانه افشار- ساختمان یگانه | N39: 035-35228852 | O39: 4430601992 | P39: 13310
A40: 333170101 | C40: 566581 | D40: EP63 B06 | E40: 330000203 | F40: 3 | G40: کلید مینیاتوری سه فاز06 آمپر تیپ B (10 KA) | H40: 40 | J40: 33 | K40: الکترو تابناک | L40: برزگر | M40: تبریز -خیابان فردوسی روبروی سرای نصیرزاده - پلاک 203 | N40: 041-35550174 | O40: 1375784528 | P40: 13700
A41: 333170102 | C41: 566582 | D41: EP63 B10 | E41: 330000204 | F41: 3 | G41: کلید مینیاتوری سه فاز10 آمپر تیپ B (10 KA) | H41: 40 | J41: 34 | K41: کالای برق عسگریان | L41: عسگریان | M41: همدان - خیابان باباطاهر جنب مسجد میرزا داوود | N41: 081-32520751 | O41: 3875638271 | P41: 131818
A42: 333170103 | C42: 566584 | D42: EP63 B16 | E42: 330000206 | F42: 3 | G42: کلید مینیاتوری سه فاز16 آمپر تیپ B (10 KA) | H42: 40 | J42: 35 | K42: شرکت مهندسی تامین قطعات ایران خودرو ساپکو | M42: تهران - کیلومتر ۱۴ جاده مخصوص کرج (بزرگراه شهید لشگری)، شرکت ایران خودرو | N42: 9624441-021 | O42: 411111713181 | P42: 13515
A43: 333170104 | C43: 566585 | D43: EP63 B20 | E43: 330000208 | F43: 3 | G43: کلید مینیاتوری سه فاز20 آمپر تیپ B (10 KA) | H43: 40 | J43: 36 | K43: فروشگاه و کالای برق قنبری | L43: قنبری نیا | M43: اهواز-کیانپارس خیابان وهابی نبش 16 پلاک 14 | N43: 061-33377223 | O43: 1830607251 | P43: 132315
A44: 333170105 | C44: 566586 | D44: EP63 B25 | E44: 330000209 | F44: 3 | G44: کلید مینیاتوری سه فاز25 آمپر تیپ B (10 KA) | H44: 40 | J44: 37 | K44: شرکت نیرو توان آر ای دو | L44: سلیمی | M44: تهران- لاله زار نو (شمالی )-مجتمع تجاری البرز 20 شماره 102 | N44: 021-66341442 | O44: 80125220 | P44: 132307
A45: 333170106 | C45: 566587 | D45: EP63 B32 | E45: 330000211 | F45: 3 | G45: کلید مینیاتوری سه فاز32 آمپر تیپ B (10 KA) | H45: 40 | J45: 38 | K45: بازرگانی الکترو صنعت اوپال | L45: کریمی | M45: تهران - لاله زار نو (شمالی) کوچه زواریان پلاک 13 | N45: 021-33934175-76 | O45: 14009714480 | P45: 132478
A46: 333170107 | C46: 566588 | D46: EP63 B40 | E46: 330000213 | F46: 3 | G46: کلید مینیاتوری سه فاز40 آمپر تیپ B (10 KA) | H46: 40 | J46: 39 | K46: کرمان ولتاژ الکتریک | L46: جبال بارزی | M46: کرمان - شهرک صنعتی 3 - بلوار شقایق - شقایق 18 | N46: 034-33386027 | O46: 411151137655 | P46: 132287
A47: 333170118 | C47: 566589 | D47: EP63 B50 | E47: 330000215 | F47: 3 | G47: کلید مینیاتوری سه فاز50 آمپر تیپ B (10 KA) | H47: 40 | J47: 40 | K47: بازرگانی آرمان الکتریک | L47: رضایی | M47: کرمان-بلوار ابومهدي مهندس - شهرک صنعتي شماره 3 - خيابان صنعت | N47: 09131990204 | O47: 3149933961 | P47: 132513
J48: 41 | K48: کالای برق داروئی | L48: داروئی | M48: اهواز حدفاصل خيابان دکتر شريعتي و مسلم خ طالقاني پلاک 229 | N48: 09163236335 | O48: 1881505766 | P48: 132508
J49: 42 | K49: تسلا الکتریک سپاهان | L49: ربیعی | M49: اصفهان - خیابان فردوسی - پاساژ برق طبقه همکف - واحد 11 | N49: 09132001260 | O49: 140110034189 | P49: 132492
J50: 43 | K50: طیف نور2 | L50: نجار | M50: بندرعباس خیابان مصطفی خمینی مجتمع تجاری فانووس تقاطع روبروی قصر گل | N50: 09379494681 | O50: 1540234576 | P50: 132579
J51: 44 | K51: باربد نیرو صنعت | L51: فرهنگی | M51: تهران میدان امام خمینی-خیابان فردوسی جنوبی-کوچه باربد-پلاک91-واحد7 | N51: 021-33909844 | O51: 140059758541 | P51: 132503
A52: 333170117 | C52: 566590 | D52: EP63 B63 | E52: 330000218 | F52: 3 | G52: کلید مینیاتوری سه فاز63 آمپر تیپ B (10 KA) | H52: 40 | J52: 45 | K52: شرکت تجهیز نور صنایع روشنایی امین | L52: امینی | M52: اصفهان - ابتدای اتوبان ذوب آهن ،خیابان نیروگاه ، منطقه صنعتی اسلام آباد،کوی بافندگان،فرعی توحید | N52: 09134490061 | O52: 14005619546 | P52: 132506
A53: 333170108 | C53: 566596 | D53: EP63 C06 | E53: 330000220 | F53: 3 | G53: کلید مینیاتوری سه فاز06 آمپر تیپ C (10 KA) | H53: 40 | J53: 46 | K53: کالای برق کیان آرتین | L53: هاشمی | M53: شهرکرد-خیابان بهارستان -نبش کوچه 5 | N53: 09136064795 | O53: 4610397994 | P53: 132505
A54: 333170109 | C54: 566597 | D54: EP63 C10 | E54: 330000221 | F54: 3 | G54: کلید مینیاتوری سه فاز10 آمپر تیپ C (10 KA) | H54: 40 | J54: 47 | K54: شرکت فراگام صنعت شرق | L54: مسعودی | M54: بجنورد-شهرک صنعتی بیدک-صنعت3-شرکت فراگام صنعت شرق | N54: 5832720552 | O54: 4111347436171 | P54: 13410
A55: 333170110 | C55: 566599 | D55: EP63 C16 | E55: 330000223 | F55: 3 | G55: کلید مینیاتوری سه فاز16 آمپر تیپ C (10 KA) | H55: 40 | J55: 49 | K55: پارت الکتریک همتی | L55: رحمان همتی | M55: تبریز-خیابان فردوسی-روبروی سه راه امین | N55: 09222327414 | O55: 1370889089 | P55: 132519
A56: 333170111 | C56: 566600 | D56: EP63 C20 | E56: 330000225 | F56: 3 | G56: کلید مینیاتوری سه فاز20 آمپر تیپ C (10 KA) | H56: 40 | J56: 50 | K56: مبناهوشمندصنعت | L56: خانم محمدی | M56: تهران-حکیمیه-بلوارشهیدبرادران باباییان-کوچه لاله 1-پلاک24 | N56: 05138553163 | O56: 411569116356 | P56: 132364
A57: 333170112 | C57: 566601 | D57: EP63 C25 | E57: 330000227 | F57: 3 | G57: کلید مینیاتوری سه فاز25 آمپر تیپ C (10 KA) | H57: 40 | J57: 51 | K57: خانه برق پردیس آریا | L57: علی دهقانی احمد آباد | M57: قم.بلوار صدوقی.20 متری امام حسین.بین تقاطع پاسداران و کوچه 10.پلاک 308 | N57: 09127538714 | O57: 0386410224 | P57: 132526
A58: 333170113 | C58: 566602 | D58: EP63 C32 | E58: 330000229 | F58: 3 | G58: کلید مینیاتوری سه فاز32 آمپر تیپ C (10 KA) | H58: 40 | J58: 52 | K58: کالای برق فراهانی | L58: امین فراهانی | M58: اراک خيابان قائم مقام بين چهار راه ادبجو و لعلي نبش کوچه رضوان | N58: 09189619221 | O58: 0520251652 | P58: 132521
A59: 333170114 | C59: 566603 | D59: EP63 C40 | E59: 330000231 | F59: 3 | G59: کلید مینیاتوری سه فاز40 آمپر تیپ C (10 KA) | H59: 40 | J59: 53 | K59: الکتریکی عباسی | L59: عباسی | M59: اصفهان-سه راه صمدیه-20متر بعد از آتشنشانی-ساختمان میلاد-فروشگاه عباسی | N59: 031-22270346 | O59: 237058738 | P59: 132515
A60: 333170115 | C60: 566604 | D60: EP63 C50 | E60: 330000233 | F60: 3 | G60: کلید مینیاتوری سه فاز50 آمپر تیپ C (10 KA) | H60: 40 | J60: 54 | K60: الکتروسنتر | L60: رزوینی | M60: تهران-خیابان لاله زارجنوبی-پاساژ عزیزی-طبقه اول -واحد 102 | N60: 021-33942795 | O60: 0888992955 | P60: 13429
A61: 333170116 | C61: 566605 | D61: EP63 C63 | E61: 330000236 | F61: 3 | G61: کلید مینیاتوری سه فاز63 آمپر تیپ C (10 KA) | H61: 40 | J61: 55 | K61: الکتروسهیل -قائمی | L61: قائمی | M61: مشهد - خیابان آخوند خراسانی- آخوند خراسانی 10 - جنب بانک ملی - شماره 940/2 | N61: 051-32255416 | O61: 938604023 | P61: 32932
A62: مجموع EP63 : | J62: 57 | K62: رادپخش | L62: ایمان فراهانی | M62: اراک- خیابان مشهد ۵۰ متر بعد از پمپ بنزین نرسیده به لعلی | N62: 086-34255880-1 | O62: 521124867 | P62: 132520
A63: 331150201 | C63: 566661 | D63: EP61 B06N | E63: 330000147 | F63: 2 | G63: کلید مینیاتوری تک فاز+نول 06 آمپر تیپ B (10 KA) | H63: 60 | J63: 58 | K63: امین الکتریک | L63: امین فراهانی | M63: اراک-خیابان مشهد-فلکه­ی قرآن(میدان علی­ابن­ابیطالب) روبروی کوچه ی طالقانی | N63: 9189619221 | O63: 520251652 | P63: 132521
A64: 331150202 | C64: 566662 | D64: EP61 B10N | E64: 330000149 | F64: 2 | G64: کلید مینیاتوری تک فاز+نول 10 آمپر تیپ B (10 KA) | H64: 60 | J64: 59 | K64: بازرگانی مشائی | L64: محمد ابراهیم زاده | M64: مازندران - آمل -میدان قائم -بعد از پمپ بنزین - روبروی آفتاب 56 - پلاک 110 | N64: 011-44234742-4 | O64: 14013063104 | P64: 132575
A65: 331150203 | B65: 441150203 | C65: 566664 | D65: EP61 B16N | E65: 330000151 | F65: 2 | G65: کلید مینیاتوری تک فاز+نول 16 آمپر تیپ B (10 KA) | H65: 60
A66: 331150204 | C66: 566665 | D66: EP61 B20N | E66: 330000153 | F66: 2 | G66: کلید مینیاتوری تک فاز+نول 20 آمپر تیپ B (10 KA) | H66: 60
A67: 331150205 | C67: 566666 | D67: EP61 B25N | E67: 330000155 | F67: 2 | G67: کلید مینیاتوری تک فاز+نول 25 آمپر تیپ B (10 KA) | H67: 60
A68: 331150206 | B68: 441150206 | C68: 566667 | D68: EP61 B32N | E68: 330000157 | F68: 2 | G68: کلید مینیاتوری تک فاز+نول 32 آمپر تیپ B (10 KA) | H68: 60
A69: 331150207 | C69: 566668 | D69: EP61 B40N | E69: 330000159 | F69: 2 | G69: کلید مینیاتوری تک فاز+نول 40 آمپر تیپ B (10 KA) | H69: 60
A70: 331150225 | C70: 566669 | D70: EP61 B50N | E70: 330000161 | F70: 2 | G70: کلید مینیاتوری تک فاز+نول 50 آمپر تیپ B (10 KA) | H70: 60
A71: 331150228 | C71: 566670 | D71: EP61 B63N | E71: 330000163 | F71: 2 | G71: کلید مینیاتوری تک فاز+نول 63 آمپر تیپ B (10 KA) | H71: 60
A72: 331150229 | C72: 566676 | D72: EP61 C06N | E72: 330000183 | F72: 2 | G72: کلید مینیاتوری تک فاز+نول 06 آمپر تیپ C (10 KA) | H72: 60
A73: 331150220 | C73: 566677 | D73: EP61 C10N | E73: 330000166 | F73: 2 | G73: کلید مینیاتوری تک فاز+نول 10 آمپر تیپ C (10 KA) | H73: 60
A74: 331150209 | C74: 566679 | D74: EP61 C16N | E74: 330000169 | F74: 2 | G74: کلید مینیاتوری تک فاز+نول 16 آمپر تیپ C (10 KA) | H74: 60
A75: 331150230 | C75: 566680 | D75: EP61 C20N | E75: 330000171 | F75: 2 | G75: کلید مینیاتوری تک فاز+نول 20 آمپر تیپ C (10 KA) | H75: 60
A76: 331150210 | C76: 566681 | D76: EP61 C25N | E76: 330000320 | F76: 2 | G76: کلید مینیاتوری تک فاز+نول 25 آمپر تیپ C (10 KA) | H76: 60
A77: 331150208 | C77: 566682 | D77: EP61 C32N | E77: 330000177 | F77: 2 | G77: کلید مینیاتوری تک فاز+نول 32 آمپر تیپ C (10 KA) | H77: 60
A78: 331150218 | C78: 566683 | D78: EP61 C40N | E78: 330000179 | F78: 2 | G78: کلید مینیاتوری تک فاز+نول 40 آمپر تیپ C (10 KA) | H78: 60
A79: 331150231 | C79: 566684 | D79: EP61 C50N | E79: 330000181 | F79: 2 | G79: کلید مینیاتوری تک فاز+نول 50 آمپر تیپ C (10 KA) | H79: 60
A80: 331150232 | C80: 566685 | D80: EP61 C63N | E80: 330000185 | F80: 2 | G80: کلید مینیاتوری تک فاز+نول 63 آمپر تیپ C (10 KA) | H80: 60
A81: مجموع EP61N :
A82: 333170201 | C82: 566702 | D82: EP63 B06N | E82: 330000217 | F82: 4 | G82: کلید مینیاتوری سه فاز +نول 06 آمپر تیپ B (10 KA) | H82: 30
A83: 333170202 | C83: 566703 | D83: EP63 B10N | E83: 330000205 | F83: 4 | G83: کلید مینیاتوری سه فاز +نول 10 آمپر تیپ B (10 KA) | H83: 30
A84: 333170203 | C84: 566704 | D84: EP63 B16N | E84: 330000207 | F84: 4 | G84: کلید مینیاتوری سه فاز +نول 16 آمپر تیپ B (10 KA) | H84: 30
A85: 333170204 | C85: 566705 | D85: EP63 B20N | E85: - | F85: 4 | G85: کلید مینیاتوری سه فاز +نول 20 آمپر تیپ B (10 KA) | H85: 30
A86: 333170205 | C86: 566706 | D86: EP63 B25N | E86: 330000210 | F86: 4 | G86: کلید مینیاتوری سه فاز +نول 25 آمپر تیپ B (10 KA) | H86: 30
A87: 333170206 | C87: 566707 | D87: EP63 B32N | E87: 330000212 | F87: 4 | G87: کلید مینیاتوری سه فاز +نول 32 آمپر تیپ B (10 KA) | H87: 30
A88: 333170207 | C88: 566708 | D88: EP63 B40N | E88: 330000214 | F88: 4 | G88: کلید مینیاتوری سه فاز +نول 40 آمپر تیپ B (10 KA) | H88: 30
A89: 333170210 | C89: 566709 | D89: EP63 B50N | E89: 330000216 | F89: 4 | G89: کلید مینیاتوری سه فاز +نول 50 آمپر تیپ B (10 KA) | H89: 30
A90: 333170219 | C90: 566710 | D90: EP63 B63N | E90: 330000219 | F90: 4 | G90: کلید مینیاتوری سه فاز +نول 63 آمپر تیپ B (10 KA) | H90: 30
A91: 333170217 | C91: 566716 | D91: EP63 C06N | E91: 330000235 | F91: 4 | G91: کلید مینیاتوری سه فاز +نول 06 آمپر تیپ C (10 KA) | H91: 30
A92: 333170212 | C92: 566717 | D92: EP63 C10N | E92: 330000222 | F92: 4 | G92: کلید مینیاتوری سه فاز +نول 10 آمپر تیپ C (10 KA) | H92: 30
A93: 333170213 | C93: 566719 | D93: EP63 C16N | E93: 330000224 | F93: 4 | G93: کلید مینیاتوری سه فاز +نول 16 آمپر تیپ C (10 KA) | H93: 30
A94: 333170218 | C94: 566720 | D94: EP63 C20N | E94: 330000226 | F94: 4 | G94: کلید مینیاتوری سه فاز +نول 20 آمپر تیپ C (10 KA) | H94: 30
A95: 333170209 | C95: 566721 | D95: EP63 C25N | E95: 330000228 | F95: 4 | G95: کلید مینیاتوری سه فاز +نول 25 آمپر تیپ C (10 KA) | H95: 30
A96: 333170208 | C96: 566722 | D96: EP63 C32N | E96: 330000230 | F96: 4 | G96: کلید مینیاتوری سه فاز +نول 32 آمپر تیپ C (10 KA) | H96: 30
A97: 333170214 | C97: 566723 | D97: EP63 C40N | E97: 330000232 | F97: 4 | G97: کلید مینیاتوری سه فاز +نول 40 آمپر تیپ C (10 KA) | H97: 30
... A99: 333170211 | C99: 566725 | D99: EP63 C63N | E99: 330000237 | F99: 4 | G99: کلید مینیاتوری سه فاز +نول 63 آمپر تیپ C (10 KA) | H99: 30
A100: مجموع EP63N :
A101: 331410109 | B101: 441400105 | C101: 690803 | D101: DE91 B06 | E101: 330000038 | F101: 1 | G101: کلید مینیاتوری تک فاز06 آمپر تیپ B(6 KA) | H101: 120
...

Sheet SEFARESH TOLID
B2: عنوان سند: ثبت سفارش مشتری
B3: تاریخ : | C3: چهارشنبه 29 مرداد 1404 | E3: شماره سریال : | I3: نام مشتری : | K3: مهرداد مصلح - ولیعصر
B4: آدرس مشتری : | D4: شیراز-خیابان قاآنی شمالی روبری خیابان منوچهری | L4: کد تفصیلی : | M4: 132556
B5: کد اقتصادی / کد ملی مشتری : | D5: 2300803992 | E5: 2300803992 | I5: تلفن مشتری : | K5: 07191004455
B6: نوع امکان سنجی : | D6: محصول جدید | E6: محصول با سابقه قبلی | G6: شرکت درمناقصه | J6: نمونه | L6: سایر: ....................
B7: ردیف | C7: کد محصول | D7: کد مرجع | E7: نام محصول | F7: تعداد | G7: تاریخ نیازمشتری | J7: تاریخ امکان سنجی و ارسال | L7: توضیحات
B8: 1
B9: 2
B10: 3
B11: 4
B12: 5
B13: 6
B14: 7
B15: 8
B16: 9
B17: 10
B18: 11
B19: 12
... B35: 28
B36: 29 | D36: =IFERROR(INDEX(base!C:C,MATCH('SEFARESH TOLID'!E36,base!D:D,)),0) -> 0
B37: 30 | D37: =IFERROR(INDEX(base!C:C,MATCH('SEFARESH TOLID'!E37,base!D:D,)),0) -> 0
B38: 31 | D38: =IFERROR(INDEX(base!C:C,MATCH('SEFARESH TOLID'!E38,base!D:D,)),0) -> 0
B39: 32 | D39: =IFERROR(INDEX(base!C:C,MATCH('SEFARESH TOLID'!E39,base!D:D,)),0) -> 0
B40: 33 | D40: =IFERROR(INDEX(base!C:C,MATCH('SEFARESH TOLID'!E40,base!D:D,)),0) -> 0
B41: 34 | C41: {=IFERROR(INDEX(base!E:E,+MATCH('SEFARESH TOLID'!E41,base!D:D,0)),0)} -> 0 | D41: =IFERROR(INDEX(base!C:C,MATCH('SEFARESH TOLID'!E41,base!D:D,)),0) -> 0 | E41: =IFERROR(INDEX(base!D:D,MATCH(#REF!,base!G:G,0)),0) -> 0
B42: 35 | C42: {=IFERROR(INDEX(base!E:E,+MATCH('SEFARESH TOLID'!E42,base!D:D,0)),0)} -> 0 | D42: =IFERROR(INDEX(base!C:C,MATCH('SEFARESH TOLID'!E42,base!D:D,)),0) -> 0 | E42: =IFERROR(INDEX(base!D:D,MATCH(#REF!,base!G:G,0)),0) -> 0
B43: 36 | C43: {=IFERROR(INDEX(base!E:E,+MATCH('SEFARESH TOLID'!E43,base!D:D,0)),0)} -> 0 | D43: =IFERROR(INDEX(base!C:C,MATCH('SEFARESH TOLID'!E43,base!D:D,)),0) -> 0 | E43: =IFERROR(INDEX(base!D:D,MATCH(#REF!,base!G:G,0)),0) -> 0
B44: 37 | C44: {=IFERROR(INDEX(base!E:E,+MATCH('SEFARESH TOLID'!E44,base!D:D,0)),0)} -> 0 | D44: =IFERROR(INDEX(base!C:C,MATCH('SEFARESH TOLID'!E44,base!D:D,)),0) -> 0 | E44: =IFERROR(INDEX(base!D:D,MATCH(#REF!,base!G:G,0)),0) -> 0
B45: 38 | C45: {=IFERROR(INDEX(base!E:E,+MATCH('SEFARESH TOLID'!E45,base!D:D,0)),0)} -> 0 | D45: =IFERROR(INDEX(base!C:C,MATCH('SEFARESH TOLID'!E45,base!D:D,)),0) -> 0 | E45: =IFERROR(INDEX(base!D:D,MATCH(#REF!,base!G:G,0)),0) -> 0
B46: 39 | C46: {=IFERROR(INDEX(base!E:E,+MATCH('SEFARESH TOLID'!E46,base!D:D,0)),0)} -> 0 | D46: =IFERROR(INDEX(base!C:C,MATCH('SEFARESH TOLID'!E46,base!D:D,)),0) -> 0 | E46: =IFERROR(INDEX(base!D:D,MATCH(#REF!,base!G:G,0)),0) -> 0
B47: 40 | C47: {=IFERROR(INDEX(base!E:E,+MATCH('SEFARESH TOLID'!E47,base!D:D,0)),0)} -> 0 | D47: =IFERROR(INDEX(base!C:C,MATCH('SEFARESH TOLID'!E47,base!D:D,)),0) -> 0 | E47: =IFERROR(INDEX(base!D:D,MATCH(#REF!,base!G:G,0)),0) -> 0
B48: « توجه : این قسمت توسط واحد فروش قبل از ارسال فرم به واحد برنامه ریزی تکمیل گردد . »
B49: اطلاعات و مشخصات فنی محصول درخواست شده توسط مشتری :
B50: آیا محصول مذکور دارای آرم یا نام دلخواه مشتری می باشد که برروی محصول حک شود؟ بله خیر کدام آرم / نام ؟ ........................................
B51: شرایط مونتاژ محصول : به طور مثال : مونتاژ با کنتور مونتاژ بدون کنتور
B52: سایر موارد : .........................................................................................................................................................................................................................................................
B53: «درصورت نمونه بودن ، قسمت زیرپس از تولید محصول توسط واحدهای تولید ،فنی مهندسی و کنترل کیفیت تایید گردد.»
B54: تایید واحد تولید : تایید واحد فنی مهندسی : تایید واحد کنترل کیفیت :
B55: « درصورتی که محصول کنتور هوشمند باشد ،تایید نهایی توسط واحدR&D الزامی است » تایید واحد R&D :
B56: 1- نتیجه امکان سنجی و ارسال به این شرح میباشد : سرپرست برنامه ریزی تاریخ : OK NOT OK
B57: 2- تاریخ امکان سنجی وارسال موردتایید است و سفارش قطعی است : مدیر فروش | G57: تاریخ: | J57: NOT OK | K57: OK
B58: مدیرفروش : | F58: سرپرست برنامه ریزی:
B60: توجه: این قسمت توسط انبار تکمیل وتاییدگردد | D60: تاریخ ارسالی: | E60: تعداد ارسالی | F60: تاریخ ارسالی: | H60: تعداد ارسالی | J60: تاریخ ارسال: | L60: تعداد ارسالی
B63: جمع کل:
B64: توزیع نسخ : فروش / برنامه ریزی/ انبار "" این امکان سنجی از تاریخ صدور فقط به مدت دو روز کاری اعتبار دارد "
B65: شماره سند : FSS04 شماره ويرايش : 14 تاريخ ويرايش : 1395.04.05 صفحه 2 از 2
